foox,fooy,z,Cell Type
188.5,342.5,10,T-Killer
136.6,161.4,20,T-Killer
437.5,363.5,20,T-Killer
203.5,512.0,20,T-Killer
155.579,204.895,0,T-Helper
107.5,223.5,0,T-Helper
180.593,226.519,0,T-Helper
188.5,226.778,0,T-Helper
198.579,231.895,0,T-Helper
478.5,232.0,0,T-Helper
191.0,236.0,0,T-Helper
97.5,259.0,0,T-Helper
177.714,290.286,0,T-Helper
300.5,320.0,0,T-Helper
207.5,321.0,0,T-Helper
217.5,339.0,0,T-Helper
164.389,353.778,0,T-Helper
656.7,365.4,0,T-Helper
447.667,369.833,0,T-Helper
96.4516,372.613,0,T-Helper
576.421,379.895,0,T-Helper
98.7586,384.207,0,T-Helper
473.933,383.267,0,T-Helper
123.5,389.0,0,T-Helper
467.0,393.5,0,T-Helper
657.0,401.0,0,T-Helper
252.0,400.5,0,T-Helper
505.125,417.125,0,T-Helper
404.5,424.5,0,T-Helper
616.0,430.0,0,T-Helper
438.611,442.222,0,T-Helper
414.0,443.0,0,T-Helper
449.0,452.0,0,T-Helper
356.421,459.105,0,T-Helper
217.421,461.105,0,T-Helper
195.75,461.5,0,T-Helper
526.381,463.524,0,T-Helper
562.0,468.0,0,T-Helper
623.667,472.833,0,T-Helper
580.261,476.565,0,T-Helper
575.65,485.15,0,T-Helper
661.5,515.222,0,T-Helper
655.5,518.636,0,T-Helper
155.579,204.895,1,T-Helper
107.5,223.5,1,T-Helper
180.593,226.519,1,T-Helper
188.5,226.778,1,T-Helper
198.579,231.895,1,T-Helper
478.5,232.0,1,T-Helper
191.0,236.0,1,T-Helper
97.5,259.0,1,T-Helper
177.714,290.286,1,T-Helper
300.5,320.0,1,T-Helper
207.5,321.0,1,T-Helper
217.5,339.0,1,T-Helper
164.389,353.778,1,T-Helper
656.7,365.4,1,T-Helper
447.667,369.833,1,T-Helper
96.4516,372.613,1,T-Helper
576.421,379.895,1,T-Helper
98.7586,384.207,1,T-Helper
473.933,383.267,1,T-Helper
123.5,389.0,1,T-Helper
467.0,393.5,1,T-Helper
657.0,401.0,1,T-Helper
252.0,400.5,1,T-Helper
505.125,417.125,1,T-Helper
404.5,424.5,1,T-Helper
616.0,430.0,1,T-Helper
438.611,442.222,1,T-Helper
414.0,443.0,1,T-Helper
449.0,452.0,1,T-Helper
356.421,459.105,1,T-Helper
217.421,461.105,1,T-Helper
195.75,461.5,1,T-Helper
526.381,463.524,1,T-Helper
562.0,468.0,1,T-Helper
623.667,472.833,1,T-Helper
580.261,476.565,1,T-Helper
575.65,485.15,1,T-Helper
661.5,515.222,1,T-Helper
655.5,518.636,1,T-Helper
229.047,79.4884,3,T-Helper
238.627,80.9048,3,T-Helper
181.571,79.6786,3,T-Helper
97.0952,81.381,3,T-Helper
250.646,81.4167,3,T-Helper
412.353,84.4118,3,T-Helper
441.647,90.5882,3,T-Helper
245.222,92.3889,3,T-Helper
340.833,95.5833,3,T-Helper
174.353,100.412,3,T-Helper
144.0,102.1,3,T-Helper
100.351,112.108,3,T-Helper
92.2857,112.643,3,T-Helper
94.2407,124.407,3,T-Helper
447.778,121.611,3,T-Helper
466.647,155.588,3,T-Helper
461.579,157.105,3,T-Helper
454.65,176.85,3,T-Helper
516.895,186.579,3,T-Helper
486.278,206.556,3,T-Helper
598.722,280.389,3,T-Helper
148.6,282.6,3,T-Helper
176.5,283.5,3,T-Helper
543.35,287.15,3,T-Helper
101.222,288.389,3,T-Helper
202.824,296.294,3,T-Helper
129.389,308.278,3,T-Helper
611.588,313.353,3,T-Helper
183.7,341.15,3,T-Helper
614.412,340.647,3,T-Helper
352.278,363.556,3,T-Helper
614.414,365.517,3,T-Helper
219.781,380.0,3,T-Helper
731.5,378.5,3,T-Helper
516.5,385.25,3,T-Helper
557.353,397.412,3,T-Helper
729.6,401.96,3,T-Helper
395.3,404.0,3,T-Helper
609.391,406.565,3,T-Helper
280.727,412.955,3,T-Helper
600.0,412.5,3,T-Helper
755.5,412.5,3,T-Helper
676.353,424.412,3,T-Helper
278.381,430.905,3,T-Helper
526.5,444.5,3,T-Helper
520.5,446.5,3,T-Helper
278.115,448.077,3,T-Helper
522.944,461.278,3,T-Helper
680.966,464.207,3,T-Helper
524.167,470.667,3,T-Helper
505.357,473.286,3,T-Helper
623.081,481.849,3,T-Helper
602.154,484.41,3,T-Helper
712.0,483.0,3,T-Helper
779.6,487.011,3,T-Helper
757.579,486.105,3,T-Helper
374.273,486.864,3,T-Helper
614.273,486.955,3,T-Helper
647.714,486.857,3,T-Helper
768.059,488.353,3,T-Helper
721.632,488.526,3,T-Helper
606.0,489.0,3,T-Helper
762.389,490.778,3,T-Helper
728.0,491.5,3,T-Helper
268.0,509.5,3,T-Helper
280.5,520.0,3,T-Helper
105.5,288.5,4,T-Helper
211.588,293.353,4,T-Helper
111.5,301.0,4,T-Helper
201.421,300.895,4,T-Helper
144.45,383.05,4,T-Helper
490.412,382.647,4,T-Helper
210.421,386.895,4,T-Helper
468.5,412.5,4,T-Helper
471.919,420.703,4,T-Helper
234.87,420.826,4,T-Helper
493.133,421.533,4,T-Helper
481.083,456.917,4,T-Helper
581.15,480.3,4,T-Helper
400.951,91.5122,9,T-Helper
393.5,90.0,9,T-Helper
315.5,97.0,9,T-Helper
446.579,125.105,9,T-Helper
426.5,135.0,9,T-Helper
290.5,145.5,9,T-Helper
390.389,150.778,9,T-Helper
333.0,158.5,9,T-Helper
449.5,158.868,9,T-Helper
413.579,174.105,9,T-Helper
455.5,182.0,9,T-Helper
459.412,200.647,9,T-Helper
448.5,207.5,9,T-Helper
475.5,214.0,9,T-Helper
474.412,222.647,9,T-Helper
468.938,230.812,9,T-Helper
337.083,263.083,9,T-Helper
473.803,276.885,9,T-Helper
324.5,275.5,9,T-Helper
543.588,276.706,9,T-Helper
496.5,283.5,9,T-Helper
508.611,285.222,9,T-Helper
118.5,290.5,9,T-Helper
444.871,292.903,9,T-Helper
153.611,293.222,9,T-Helper
172.5,300.0,9,T-Helper
558.5,300.0,9,T-Helper
442.111,302.944,9,T-Helper
160.421,304.895,9,T-Helper
580.5,304.5,9,T-Helper
150.6,306.4,9,T-Helper
434.389,306.778,9,T-Helper
133.588,308.353,9,T-Helper
470.5,308.5,9,T-Helper
96.0,309.5,9,T-Helper
497.0,314.0,9,T-Helper
478.5,318.5,9,T-Helper
543.5,327.5,9,T-Helper
297.321,334.179,9,T-Helper
543.5,363.0,9,T-Helper
552.593,367.889,9,T-Helper
537.5,371.0,9,T-Helper
485.211,372.053,9,T-Helper
406.133,374.533,9,T-Helper
625.0,376.0,9,T-Helper
639.5,376.5,9,T-Helper
205.5,379.0,9,T-Helper
561.5,379.0,9,T-Helper
511.5,399.5,9,T-Helper
222.5,401.5,9,T-Helper
517.591,404.727,9,T-Helper
393.5,406.5,9,T-Helper
231.389,408.778,9,T-Helper
541.5,410.5,9,T-Helper
443.421,418.895,9,T-Helper
514.146,426.812,9,T-Helper
238.421,430.105,9,T-Helper
419.056,434.222,9,T-Helper
425.0,438.0,9,T-Helper
445.5,438.5,9,T-Helper
557.882,445.147,9,T-Helper
406.611,445.25,9,T-Helper
202.0,444.5,9,T-Helper
440.966,446.31,9,T-Helper
209.5,448.5,9,T-Helper
199.5,451.0,9,T-Helper
537.5,452.0,9,T-Helper
284.913,453.478,9,T-Helper
402.857,454.429,9,T-Helper
274.5,460.5,9,T-Helper
244.944,461.778,9,T-Helper
430.421,461.895,9,T-Helper
534.0,464.5,9,T-Helper
533.588,472.353,9,T-Helper
415.0,474.5,9,T-Helper
579.611,476.222,9,T-Helper
483.241,477.31,9,T-Helper
503.579,482.105,9,T-Helper
327.333,490.0,9,T-Helper
483.5,495.5,9,T-Helper
455.304,504.2,9,T-Helper
196.5,507.0,9,T-Helper
404.111,508.944,9,T-Helper
634.722,509.778,9,T-Helper
437.595,512.19,9,T-Helper
277.5,520.0,9,T-Helper
140.0,260.0,10,T-Helper
175.3,264.0,10,T-Helper
150.826,267.87,10,T-Helper
190.5,275.0,10,T-Helper
159.826,276.87,10,T-Helper
236.5,390.0,10,T-Helper
462.4,408.771,10,T-Helper
230.174,413.13,10,T-Helper
439.5,412.5,10,T-Helper
544.381,420.095,10,T-Helper
559.5,450.0,10,T-Helper
410.304,461.174,10,T-Helper
526.5,474.5,10,T-Helper
199.5,476.5,10,T-Helper
463.426,493.705,10,T-Helper
465.0,499.0,10,T-Helper
486.5,106.5,11,T-Helper
382.778,114.611,11,T-Helper
476.0,121.5,11,T-Helper
516.0,135.0,11,T-Helper
444.389,150.222,11,T-Helper
147.0,173.5,11,T-Helper
568.143,174.357,11,T-Helper
97.5,233.5,11,T-Helper
594.389,238.222,11,T-Helper
95.1176,241.559,11,T-Helper
94.5,251.5,11,T-Helper
665.0,270.348,11,T-Helper
129.7,272.7,11,T-Helper
205.0,281.5,11,T-Helper
714.611,284.778,11,T-Helper
229.167,293.0,11,T-Helper
208.474,300.658,11,T-Helper
190.0,299.5,11,T-Helper
201.837,302.898,11,T-Helper
530.5,329.5,11,T-Helper
91.5,351.0,11,T-Helper
257.5,365.5,11,T-Helper
268.895,365.579,11,T-Helper
633.5,380.0,11,T-Helper
451.5,389.5,11,T-Helper
288.043,398.426,11,T-Helper
452.0,405.5,11,T-Helper
615.105,413.421,11,T-Helper
293.412,417.353,11,T-Helper
558.083,417.917,11,T-Helper
597.5,419.0,11,T-Helper
522.435,425.609,11,T-Helper
303.5,427.5,11,T-Helper
555.0,430.5,11,T-Helper
501.579,432.895,11,T-Helper
523.174,442.87,11,T-Helper
554.5,454.5,11,T-Helper
620.5,456.5,11,T-Helper
521.5,461.5,11,T-Helper
538.5,467.5,11,T-Helper
536.0,484.5,11,T-Helper
558.5,500.0,11,T-Helper
386.895,501.579,11,T-Helper
566.593,506.271,11,T-Helper
593.5,505.5,11,T-Helper
360.105,509.421,11,T-Helper
597.5,510.5,11,T-Helper
558.647,512.588,11,T-Helper
565.674,517.674,11,T-Helper
288.25,74.5,18,T-Helper
359.0,87.0,18,T-Helper
439.0,89.0,18,T-Helper
375.5,96.5,18,T-Helper
444.5,97.0,18,T-Helper
166.5,104.5,18,T-Helper
453.143,111.357,18,T-Helper
460.24,114.12,18,T-Helper
505.25,126.25,18,T-Helper
496.5,131.5,18,T-Helper
476.562,148.562,18,T-Helper
140.5,290.5,18,T-Helper
545.5,308.5,18,T-Helper
437.5,382.5,18,T-Helper
257.5,383.5,18,T-Helper
579.0,387.5,18,T-Helper
271.5,393.5,18,T-Helper
556.75,421.5,18,T-Helper
452.0,444.0,18,T-Helper
441.5,458.5,18,T-Helper
106.5,461.0,18,T-Helper
497.5,471.5,18,T-Helper
98.5,475.0,18,T-Helper
107.0,494.5,18,T-Helper
110.5,500.5,18,T-Helper
115.632,505.526,18,T-Helper
141.611,509.222,18,T-Helper
364.5,84.5,20,T-Helper
389.5,86.5,20,T-Helper
396.5,86.5,20,T-Helper
402.5,90.5,20,T-Helper
462.222,106.278,20,T-Helper
470.5,110.0,20,T-Helper
455.5,120.5,20,T-Helper
139.6,185.4,20,T-Helper
560.5,321.0,20,T-Helper
286.5,326.5,20,T-Helper
438.5,357.5,20,T-Helper
291.5,373.5,20,T-Helper
341.5,380.5,20,T-Helper
346.5,381.0,20,T-Helper
148.5,388.5,20,T-Helper
455.75,395.5,20,T-Helper
529.0,412.0,20,T-Helper
542.5,436.5,20,T-Helper
522.5,441.5,20,T-Helper
322.576,476.485,20,T-Helper
200.0,491.5,20,T-Helper
203.5,512.0,20,T-Helper
182.5,414.0,23,T-Helper
422.32,485.36,23,T-Helper
440.5,485.0,23,T-Helper
340.0,488.5,23,T-Helper
251.353,79.4118,3,T-Reg
236.889,84.3889,3,T-Reg
412.353,84.4118,3,T-Reg
441.647,90.5882,3,T-Reg
174.353,100.412,3,T-Reg
101.778,113.611,3,T-Reg
95.8824,121.529,3,T-Reg
486.278,206.556,3,T-Reg
176.5,283.5,3,T-Reg
543.35,287.15,3,T-Reg
202.824,296.294,3,T-Reg
129.389,308.278,3,T-Reg
183.7,341.15,3,T-Reg
731.5,378.5,3,T-Reg
274.833,386.667,3,T-Reg
280.941,397.647,3,T-Reg
257.364,408.879,3,T-Reg
624.368,484.158,3,T-Reg
712.0,483.0,3,T-Reg
779.6,487.011,3,T-Reg
768.059,488.353,3,T-Reg
111.5,301.0,4,T-Reg
470.647,418.588,4,T-Reg
171.048,292.19,9,T-Reg
153.136,293.273,9,T-Reg
159.667,294.533,9,T-Reg
172.389,298.778,9,T-Reg
126.188,302.375,9,T-Reg
170.0,305.0,9,T-Reg
183.0,309.5,9,T-Reg
129.864,311.727,9,T-Reg
143.0,312.5,9,T-Reg
216.5,360.5,9,T-Reg
222.5,401.5,9,T-Reg
140.0,260.0,10,T-Reg
175.3,264.0,10,T-Reg
190.5,275.0,10,T-Reg
236.5,390.0,10,T-Reg
97.5,233.5,11,T-Reg
594.389,238.222,11,T-Reg
94.5,241.5,11,T-Reg
130.5,270.5,11,T-Reg
195.095,286.619,11,T-Reg
207.0,306.5,11,T-Reg
293.412,417.353,11,T-Reg
303.5,427.5,11,T-Reg
554.5,427.5,11,T-Reg
522.222,444.389,11,T-Reg
554.5,454.5,11,T-Reg
564.5,519.0,11,T-Reg
439.892,89.0541,18,T-Reg
166.5,104.5,18,T-Reg
453.143,111.357,18,T-Reg
335.0,184.5,18,T-Reg
189.5,293.5,18,T-Reg
441.5,458.5,18,T-Reg
227.611,467.222,18,T-Reg
98.5,475.0,18,T-Reg
108.8,497.1,18,T-Reg
115.632,505.526,18,T-Reg
492.0,124.0,0,CD68
535.0,119.5,1,CD68
446.0,142.0,1,CD68
505.0,274.0,1,CD68
509.0,456.0,1,CD68
474.0,86.0,2,CD68
342.0,96.0,3,CD68
298.0,216.0,3,CD68
449.0,72.0,4,CD68
445.0,83.0,4,CD68
525.0,102.0,4,CD68
335.0,123.0,4,CD68
317.0,195.0,4,CD68
552.0,307.0,4,CD68
607.0,392.0,4,CD68
292.0,509.0,5,CD68
426.0,257.0,6,CD68
412.0,242.0,7,CD68
224.0,416.0,7,CD68
295.0,374.0,8,CD68
314.0,99.0,9,CD68
314.0,103.0,9,CD68
100.0,162.0,9,CD68
545.0,183.0,9,CD68
183.0,232.0,9,CD68
571.0,259.0,9,CD68
325.0,273.0,9,CD68
616.0,310.0,9,CD68
487.0,323.0,9,CD68
613.0,348.0,9,CD68
552.0,356.0,9,CD68
504.0,357.0,9,CD68
274.0,360.0,9,CD68
545.0,362.0,9,CD68
454.0,422.0,9,CD68
394.0,442.0,9,CD68
571.0,456.0,9,CD68
257.0,462.0,9,CD68
327.0,491.0,9,CD68
261.0,514.0,9,CD68
218.0,110.0,10,CD68
301.0,128.0,10,CD68
511.0,133.0,10,CD68
92.0,149.0,10,CD68
573.0,255.0,10,CD68
554.0,273.0,10,CD68
355.0,275.0,10,CD68
535.0,312.0,10,CD68
493.0,336.0,10,CD68
695.0,348.0,10,CD68
546.0,358.5,10,CD68
765.0,358.0,10,CD68
299.0,432.5,10,CD68
259.0,436.0,10,CD68
451.0,456.0,10,CD68
382.0,457.0,10,CD68
275.0,476.0,10,CD68
208.0,481.0,10,CD68
199.0,120.0,11,CD68
136.0,250.0,11,CD68
667.0,269.0,11,CD68
480.0,341.0,11,CD68
713.0,409.0,11,CD68
685.0,462.0,11,CD68
460.0,493.0,11,CD68
363.0,225.0,12,CD68
456.0,155.0,13,CD68
562.0,116.0,14,CD68
644.0,267.0,15,CD68
524.0,289.0,15,CD68
447.0,142.0,16,CD68
602.0,475.0,17,CD68
387.0,111.0,18,CD68
574.0,151.0,18,CD68
390.0,157.0,18,CD68
92.0,260.0,18,CD68
438.0,261.0,18,CD68
114.0,277.0,18,CD68
116.0,278.0,18,CD68
205.0,296.0,18,CD68
296.0,337.0,18,CD68
500.0,354.0,18,CD68
620.0,399.0,18,CD68
359.0,439.0,18,CD68
224.0,449.0,18,CD68
514.0,466.0,18,CD68
483.0,393.0,19,CD68
602.0,297.0,20,CD68
338.0,370.0,20,CD68
333.0,381.0,20,CD68
606.0,253.0,21,CD68
473.0,314.0,22,CD68
423.0,357.0,23,CD68
266.667,80.6667,0,Endothelial
257.25,84.25,0,Endothelial
265.5,88.5,0,Endothelial
286.5,90.0,0,Endothelial
283.333,92.3333,0,Endothelial
279.333,96.6667,0,Endothelial
289.333,122.667,0,Endothelial
124.0,132.0,0,Endothelial
120.5,145.0,0,Endothelial
115.167,158.0,0,Endothelial
113.5,164.0,0,Endothelial
277.333,174.667,0,Endothelial
261.333,175.333,0,Endothelial
103.667,194.333,0,Endothelial
520.5,214.0,0,Endothelial
521.25,226.75,0,Endothelial
518.833,243.667,0,Endothelial
672.154,264.538,0,Endothelial
521.5,267.5,0,Endothelial
144.667,268.333,0,Endothelial
229.667,278.333,0,Endothelial
204.333,284.667,0,Endothelial
194.667,287.667,0,Endothelial
236.667,291.833,0,Endothelial
201.667,292.333,0,Endothelial
214.333,295.333,0,Endothelial
98.3333,296.667,0,Endothelial
209.167,301.333,0,Endothelial
210.5,303.5,0,Endothelial
213.5,304.5,0,Endothelial
220.667,304.667,0,Endothelial
244.333,310.333,0,Endothelial
512.5,312.0,0,Endothelial
525.5,315.0,0,Endothelial
247.333,323.333,0,Endothelial
175.4,328.2,0,Endothelial
246.667,327.667,0,Endothelial
174.0,331.5,0,Endothelial
673.0,344.833,0,Endothelial
100.667,345.333,0,Endothelial
676.25,345.75,0,Endothelial
687.667,347.333,0,Endothelial
729.857,357.0,0,Endothelial
257.0,363.0,0,Endothelial
221.667,364.667,0,Endothelial
679.333,368.333,0,Endothelial
498.667,371.333,0,Endothelial
270.6,376.8,0,Endothelial
788.5,376.5,0,Endothelial
332.75,378.75,0,Endothelial
341.75,381.0,0,Endothelial
715.0,380.0,0,Endothelial
615.625,382.375,0,Endothelial
783.667,382.667,0,Endothelial
719.667,383.667,0,Endothelial
810.5,384.5,0,Endothelial
717.0,386.0,0,Endothelial
704.0,388.0,0,Endothelial
535.667,396.667,0,Endothelial
721.25,397.25,0,Endothelial
476.556,399.222,0,Endothelial
209.0,398.25,0,Endothelial
152.5,399.5,0,Endothelial
168.5,401.0,0,Endothelial
645.667,401.667,0,Endothelial
740.5,401.5,0,Endothelial
479.0,403.25,0,Endothelial
544.333,406.667,0,Endothelial
741.455,406.909,0,Endothelial
643.5,408.5,0,Endothelial
498.909,410.636,0,Endothelial
487.333,411.333,0,Endothelial
740.2,412.4,0,Endothelial
461.5,413.5,0,Endothelial
526.167,414.167,0,Endothelial
772.0,413.75,0,Endothelial
504.667,414.333,0,Endothelial
527.0,418.0,0,Endothelial
638.286,420.286,0,Endothelial
534.667,420.333,0,Endothelial
635.375,425.875,0,Endothelial
120.6,425.8,0,Endothelial
538.0,427.5,0,Endothelial
639.333,426.333,0,Endothelial
485.5,428.0,0,Endothelial
291.5,428.5,0,Endothelial
550.5,437.5,0,Endothelial
487.0,440.0,0,Endothelial
511.0,443.0,0,Endothelial
95.5,450.0,0,Endothelial
523.2,451.2,0,Endothelial
513.571,452.286,0,Endothelial
280.5,452.5,0,Endothelial
509.0,452.5,0,Endothelial
502.25,453.25,0,Endothelial
518.222,453.778,0,Endothelial
505.667,454.5,0,Endothelial
534.357,457.75,0,Endothelial
525.0,457.0,0,Endothelial
648.5,458.5,0,Endothelial
474.333,460.333,0,Endothelial
518.5,464.0,0,Endothelial
136.667,465.667,0,Endothelial
700.5,465.5,0,Endothelial
696.25,468.0,0,Endothelial
703.75,467.75,0,Endothelial
678.625,469.875,0,Endothelial
492.75,471.0,0,Endothelial
703.0,470.0,0,Endothelial
489.333,471.667,0,Endothelial
306.714,473.714,0,Endothelial
665.667,473.667,0,Endothelial
666.333,477.333,0,Endothelial
806.0,483.25,0,Endothelial
108.333,494.667,0,Endothelial
797.4,505.8,0,Endothelial
228.667,514.333,0,Endothelial
142.75,74.25,1,Endothelial
408.091,75.0909,1,Endothelial
369.0,76.0,1,Endothelial
289.333,78.6667,1,Endothelial
348.6,79.4,1,Endothelial
372.4,79.8,1,Endothelial
410.857,81.2857,1,Endothelial
406.2,82.4,1,Endothelial
749.5,86.0,1,Endothelial
760.5,89.5,1,Endothelial
498.667,94.3333,1,Endothelial
411.231,98.4615,1,Endothelial
435.429,99.2857,1,Endothelial
498.25,99.0,1,Endothelial
383.19,107.048,1,Endothelial
411.667,104.333,1,Endothelial
351.833,106.833,1,Endothelial
548.0,112.5,1,Endothelial
769.0,117.286,1,Endothelial
808.4,123.2,1,Endothelial
560.333,124.333,1,Endothelial
247.667,132.667,1,Endothelial
363.0,133.0,1,Endothelial
369.5,134.0,1,Endothelial
572.0,142.0,1,Endothelial
312.0,154.5,1,Endothelial
725.6,155.6,1,Endothelial
315.222,158.556,1,Endothelial
297.933,162.333,1,Endothelial
586.667,165.667,1,Endothelial
463.4,172.8,1,Endothelial
297.5,175.5,1,Endothelial
482.5,176.5,1,Endothelial
198.0,180.5,1,Endothelial
288.6,190.8,1,Endothelial
450.8,190.6,1,Endothelial
428.278,194.278,1,Endothelial
251.667,193.333,1,Endothelial
305.5,196.0,1,Endothelial
430.909,201.455,1,Endothelial
512.667,198.667,1,Endothelial
311.05,202.25,1,Endothelial
147.333,200.667,1,Endothelial
156.5,201.5,1,Endothelial
354.923,204.923,1,Endothelial
92.2,209.2,1,Endothelial
146.75,209.25,1,Endothelial
156.667,209.667,1,Endothelial
357.667,209.333,1,Endothelial
149.75,210.25,1,Endothelial
262.6,215.4,1,Endothelial
95.6667,215.667,1,Endothelial
742.0,219.0,1,Endothelial
264.75,219.25,1,Endothelial
792.667,219.333,1,Endothelial
212.333,220.667,1,Endothelial
391.783,224.217,1,Endothelial
207.333,223.333,1,Endothelial
191.167,226.667,1,Endothelial
381.75,226.75,1,Endothelial
463.667,226.667,1,Endothelial
133.5,228.5,1,Endothelial
192.286,231.429,1,Endothelial
405.286,232.571,1,Endothelial
444.292,235.833,1,Endothelial
157.833,234.667,1,Endothelial
440.0,235.0,1,Endothelial
211.5,236.5,1,Endothelial
216.5,238.5,1,Endothelial
409.923,239.692,1,Endothelial
477.6,238.4,1,Endothelial
212.333,239.333,1,Endothelial
218.667,240.667,1,Endothelial
221.5,243.5,1,Endothelial
746.667,243.333,1,Endothelial
208.333,250.333,1,Endothelial
223.333,251.667,1,Endothelial
242.5,256.5,1,Endothelial
444.0,257.8,1,Endothelial
92.5,260.0,1,Endothelial
545.0,260.0,1,Endothelial
795.667,260.333,1,Endothelial
472.6,264.4,1,Endothelial
586.333,264.333,1,Endothelial
604.167,266.333,1,Endothelial
587.5,267.0,1,Endothelial
444.5,269.5,1,Endothelial
227.2,272.2,1,Endothelial
448.667,271.667,1,Endothelial
406.75,272.75,1,Endothelial
281.55,282.3,1,Endothelial
391.955,288.909,1,Endothelial
521.571,285.714,1,Endothelial
290.37,290.593,1,Endothelial
224.5,288.5,1,Endothelial
522.3,292.7,1,Endothelial
745.667,297.333,1,Endothelial
572.375,300.0,1,Endothelial
107.0,304.0,1,Endothelial
707.333,303.667,1,Endothelial
306.833,307.0,1,Endothelial
725.667,308.667,1,Endothelial
595.0,313.308,1,Endothelial
188.667,312.333,1,Endothelial
471.25,314.0,1,Endothelial
399.8,315.6,1,Endothelial
466.75,316.0,1,Endothelial
305.0,319.167,1,Endothelial
599.333,318.667,1,Endothelial
129.5,319.5,1,Endothelial
601.667,320.333,1,Endothelial
360.522,328.478,1,Endothelial
551.471,330.529,1,Endothelial
427.25,331.25,1,Endothelial
309.0,340.5,1,Endothelial
211.5,340.5,1,Endothelial
524.2,344.4,1,Endothelial
309.5,347.0,1,Endothelial
588.25,348.25,1,Endothelial
592.167,348.667,1,Endothelial
425.111,350.556,1,Endothelial
638.0,355.0,1,Endothelial
300.8,356.6,1,Endothelial
604.5,356.0,1,Endothelial
451.667,359.667,1,Endothelial
297.75,361.75,1,Endothelial
656.0,362.0,1,Endothelial
729.0,363.25,1,Endothelial
724.222,363.444,1,Endothelial
296.2,364.4,1,Endothelial
460.111,367.778,1,Endothelial
733.25,366.25,1,Endothelial
448.8,365.8,1,Endothelial
557.778,366.667,1,Endothelial
230.667,366.667,1,Endothelial
538.833,367.333,1,Endothelial
242.667,367.333,1,Endothelial
785.0,368.833,1,Endothelial
721.0,370.5,1,Endothelial
276.846,378.231,1,Endothelial
466.143,378.857,1,Endothelial
235.5,381.5,1,Endothelial
472.5,381.5,1,Endothelial
99.4,384.2,1,Endothelial
275.333,386.333,1,Endothelial
224.25,387.0,1,Endothelial
469.333,387.333,1,Endothelial
122.0,390.273,1,Endothelial
614.667,388.333,1,Endothelial
466.667,390.889,1,Endothelial
410.333,390.667,1,Endothelial
616.5,390.5,1,Endothelial
538.5,392.0,1,Endothelial
231.333,392.333,1,Endothelial
342.333,392.667,1,Endothelial
663.857,394.286,1,Endothelial
347.438,395.75,1,Endothelial
675.571,395.143,1,Endothelial
660.667,395.333,1,Endothelial
669.0,395.0,1,Endothelial
404.25,397.0,1,Endothelial
252.0,400.0,1,Endothelial
658.2,399.6,1,Endothelial
275.5,400.5,1,Endothelial
430.667,400.333,1,Endothelial
312.545,403.273,1,Endothelial
708.25,403.25,1,Endothelial
257.667,402.667,1,Endothelial
407.25,403.75,1,Endothelial
458.889,404.333,1,Endothelial
606.5,404.333,1,Endothelial
428.0,405.167,1,Endothelial
100.75,406.0,1,Endothelial
641.5,406.5,1,Endothelial
409.143,409.429,1,Endothelial
575.5,408.5,1,Endothelial
655.6,408.8,1,Endothelial
600.8,410.4,1,Endothelial
312.875,414.5,1,Endothelial
431.333,416.333,1,Endothelial
600.25,417.0,1,Endothelial
625.2,418.2,1,Endothelial
197.067,421.0,1,Endothelial
462.25,421.25,1,Endothelial
656.333,420.333,1,Endothelial
623.5,421.5,1,Endothelial
349.333,423.667,1,Endothelial
464.556,425.944,1,Endothelial
168.0,426.0,1,Endothelial
320.214,428.357,1,Endothelial
566.0,426.0,1,Endothelial
626.667,426.333,1,Endothelial
564.667,429.333,1,Endothelial
622.333,430.333,1,Endothelial
469.0,433.0,1,Endothelial
611.667,432.667,1,Endothelial
464.5,433.5,1,Endothelial
653.5,436.0,1,Endothelial
418.5,437.0,1,Endothelial
423.909,437.909,1,Endothelial
470.5,439.167,1,Endothelial
467.6,437.8,1,Endothelial
604.571,439.143,1,Endothelial
430.375,441.5,1,Endothelial
776.375,442.0,1,Endothelial
420.2,443.8,1,Endothelial
444.0,443.5,1,Endothelial
199.5,443.5,1,Endothelial
345.333,444.5,1,Endothelial
426.375,445.625,1,Endothelial
205.333,448.333,1,Endothelial
315.2,449.4,1,Endothelial
200.333,450.667,1,Endothelial
242.75,451.25,1,Endothelial
441.333,453.333,1,Endothelial
247.0,456.111,1,Endothelial
444.25,455.0,1,Endothelial
216.1,458.7,1,Endothelial
355.333,457.667,1,Endothelial
468.333,457.333,1,Endothelial
441.5,458.5,1,Endothelial
782.6,459.2,1,Endothelial
219.364,461.545,1,Endothelial
608.267,461.533,1,Endothelial
614.643,461.143,1,Endothelial
254.5,461.5,1,Endothelial
433.0,461.5,1,Endothelial
437.667,462.5,1,Endothelial
500.4,462.1,1,Endothelial
511.071,465.143,1,Endothelial
522.0,464.167,1,Endothelial
665.6,465.2,1,Endothelial
502.0,465.0,1,Endothelial
516.5,465.5,1,Endothelial
519.0,467.667,1,Endothelial
547.778,466.556,1,Endothelial
552.4,467.2,1,Endothelial
420.667,468.833,1,Endothelial
556.25,468.0,1,Endothelial
523.143,469.286,1,Endothelial
526.5,469.5,1,Endothelial
487.667,471.333,1,Endothelial
536.778,472.333,1,Endothelial
481.25,473.083,1,Endothelial
564.667,472.667,1,Endothelial
544.133,473.867,1,Endothelial
568.2,474.933,1,Endothelial
589.0,477.3,1,Endothelial
563.75,480.25,1,Endothelial
594.0,479.833,1,Endothelial
799.75,483.0,1,Endothelial
775.429,485.429,1,Endothelial
782.5,486.5,1,Endothelial
787.0,487.0,1,Endothelial
775.0,490.0,1,Endothelial
539.2,490.6,1,Endothelial
619.333,492.333,1,Endothelial
533.25,493.75,1,Endothelial
775.0,494.0,1,Endothelial
520.0,494.75,1,Endothelial
771.333,495.333,1,Endothelial
643.714,508.429,1,Endothelial
793.667,509.667,1,Endothelial
640.5,514.0,1,Endothelial
657.5,514.0,1,Endothelial
778.692,517.692,1,Endothelial
656.667,519.333,1,Endothelial
521.0,195.5,3,Endothelial
223.333,302.333,3,Endothelial
722.4,337.2,3,Endothelial
523.6,366.2,3,Endothelial
239.0,382.0,3,Endothelial
701.667,429.333,3,Endothelial
370.333,432.111,3,Endothelial
545.143,438.429,3,Endothelial
549.667,440.333,3,Endothelial
608.5,441.333,3,Endothelial
619.667,441.333,3,Endothelial
624.857,442.286,3,Endothelial
632.5,443.0,3,Endothelial
640.0,443.0,3,Endothelial
645.5,444.0,3,Endothelial
529.0,447.0,3,Endothelial
618.067,446.867,3,Endothelial
666.5,446.0,3,Endothelial
627.5,447.0,3,Endothelial
634.214,448.786,3,Endothelial
643.7,449.6,3,Endothelial
703.75,450.833,3,Endothelial
651.5,451.0,3,Endothelial
656.5,451.5,3,Endothelial
660.25,451.25,3,Endothelial
663.667,451.667,3,Endothelial
695.0,454.0,3,Endothelial
502.333,456.667,3,Endothelial
683.0,456.0,3,Endothelial
701.667,456.667,3,Endothelial
687.0,458.0,3,Endothelial
603.357,460.429,3,Endothelial
699.333,462.333,3,Endothelial
709.857,464.0,3,Endothelial
716.667,464.667,3,Endothelial
721.0,465.0,3,Endothelial
726.25,465.25,3,Endothelial
734.0,466.0,3,Endothelial
741.5,468.125,3,Endothelial
769.0,479.0,3,Endothelial
772.8,480.0,3,Endothelial
125.667,482.333,3,Endothelial
620.0,483.0,3,Endothelial
260.0,75.0,4,Endothelial
110.667,111.5,4,Endothelial
106.333,120.333,4,Endothelial
126.333,207.333,4,Endothelial
394.0,210.0,4,Endothelial
505.0,223.5,4,Endothelial
509.5,226.5,4,Endothelial
205.333,275.333,4,Endothelial
154.5,289.0,4,Endothelial
205.714,298.286,4,Endothelial
208.5,297.5,4,Endothelial
130.5,301.5,4,Endothelial
513.0,325.167,4,Endothelial
200.0,330.167,4,Endothelial
636.0,334.25,4,Endothelial
506.667,349.333,4,Endothelial
503.438,354.312,4,Endothelial
679.667,354.667,4,Endothelial
610.2,356.4,4,Endothelial
807.0,357.0,4,Endothelial
498.5,361.0,4,Endothelial
497.8,364.4,4,Endothelial
323.4,369.4,4,Endothelial
640.333,373.667,4,Endothelial
693.667,373.667,4,Endothelial
718.0,378.0,4,Endothelial
788.6,379.2,4,Endothelial
588.75,381.0,4,Endothelial
691.5,380.0,4,Endothelial
326.5,382.5,4,Endothelial
262.333,384.333,4,Endothelial
579.25,388.25,4,Endothelial
581.6,392.4,4,Endothelial
715.5,391.5,4,Endothelial
328.667,392.667,4,Endothelial
577.0,394.5,4,Endothelial
480.667,396.333,4,Endothelial
482.5,398.0,4,Endothelial
577.7,401.35,4,Endothelial
689.5,400.5,4,Endothelial
582.0,404.769,4,Endothelial
453.667,407.333,4,Endothelial
645.667,425.667,4,Endothelial
665.571,429.286,4,Endothelial
513.462,435.769,4,Endothelial
517.667,436.333,4,Endothelial
573.5,440.0,4,Endothelial
514.429,442.857,4,Endothelial
662.5,446.0,4,Endothelial
665.2,445.4,4,Endothelial
521.0,447.1,4,Endothelial
641.545,447.091,4,Endothelial
658.667,447.8,4,Endothelial
671.333,446.333,4,Endothelial
646.5,448.5,4,Endothelial
464.0,449.0,4,Endothelial
650.0,449.5,4,Endothelial
666.259,452.926,4,Endothelial
465.667,452.333,4,Endothelial
470.0,456.167,4,Endothelial
645.0,455.0,4,Endothelial
671.0,455.5,4,Endothelial
648.833,456.667,4,Endothelial
683.5,458.0,4,Endothelial
491.75,459.25,4,Endothelial
571.8,458.8,4,Endothelial
578.75,459.0,4,Endothelial
656.667,458.333,4,Endothelial
567.5,459.0,4,Endothelial
689.8,459.4,4,Endothelial
575.5,460.0,4,Endothelial
664.333,460.333,4,Endothelial
668.167,460.833,4,Endothelial
259.5,462.5,4,Endothelial
680.571,463.429,4,Endothelial
684.333,464.333,4,Endothelial
688.2,464.6,4,Endothelial
691.8,465.4,4,Endothelial
696.6,467.667,4,Endothelial
702.5,466.5,4,Endothelial
718.6,474.4,4,Endothelial
809.667,479.333,4,Endothelial
721.0,480.857,4,Endothelial
579.0,481.0,4,Endothelial
477.333,483.667,4,Endothelial
602.5,453.5,5,Endothelial
268.0,72.8333,6,Endothelial
271.2,75.3,6,Endothelial
104.333,111.667,6,Endothelial
490.333,124.833,6,Endothelial
484.913,129.391,6,Endothelial
499.667,169.333,6,Endothelial
395.667,216.333,6,Endothelial
394.667,218.333,6,Endothelial
530.667,227.667,6,Endothelial
515.833,231.667,6,Endothelial
132.333,249.333,6,Endothelial
661.0,254.75,6,Endothelial
662.3,258.4,6,Endothelial
173.667,282.667,6,Endothelial
174.333,288.333,6,Endothelial
192.5,290.5,6,Endothelial
526.182,292.909,6,Endothelial
234.75,298.0,6,Endothelial
207.667,316.333,6,Endothelial
663.333,317.667,6,Endothelial
520.75,320.0,6,Endothelial
519.0,338.0,6,Endothelial
645.0,339.0,6,Endothelial
727.333,339.667,6,Endothelial
342.0,350.0,6,Endothelial
149.667,357.333,6,Endothelial
144.571,359.571,6,Endothelial
596.0,365.111,6,Endothelial
649.5,366.5,6,Endothelial
621.75,371.0,6,Endothelial
599.333,372.667,6,Endothelial
125.6,374.8,6,Endothelial
487.667,377.667,6,Endothelial
485.2,380.2,6,Endothelial
593.286,385.429,6,Endothelial
657.5,392.5,6,Endothelial
488.125,396.75,6,Endothelial
498.0,396.0,6,Endothelial
620.0,405.0,6,Endothelial
636.25,405.875,6,Endothelial
570.0,407.5,6,Endothelial
574.333,408.667,6,Endothelial
368.667,409.333,6,Endothelial
489.6,410.8,6,Endothelial
576.333,410.333,6,Endothelial
460.667,413.333,6,Endothelial
491.714,414.571,6,Endothelial
696.667,414.667,6,Endothelial
456.5,415.5,6,Endothelial
462.0,416.0,6,Endothelial
572.8,415.6,6,Endothelial
582.167,416.333,6,Endothelial
242.667,418.333,6,Endothelial
575.333,422.667,6,Endothelial
468.5,423.5,6,Endothelial
594.167,424.167,6,Endothelial
623.2,424.2,6,Endothelial
591.5,426.5,6,Endothelial
686.25,429.0,6,Endothelial
620.4,431.2,6,Endothelial
542.667,433.667,6,Endothelial
665.333,433.333,6,Endothelial
599.0,436.0,6,Endothelial
593.667,438.333,6,Endothelial
473.5,439.0,6,Endothelial
476.8,441.2,6,Endothelial
483.25,448.0,6,Endothelial
488.667,448.667,6,Endothelial
595.214,451.286,6,Endothelial
459.5,451.0,6,Endothelial
602.167,452.167,6,Endothelial
462.667,452.333,6,Endothelial
521.714,456.0,6,Endothelial
598.273,458.818,6,Endothelial
641.0,459.625,6,Endothelial
486.571,462.286,6,Endothelial
596.333,462.667,6,Endothelial
643.333,464.667,6,Endothelial
487.5,471.0,6,Endothelial
598.0,476.316,6,Endothelial
494.0,483.5,6,Endothelial
490.5,485.0,6,Endothelial
789.5,490.0,6,Endothelial
216.0,494.5,6,Endothelial
223.667,506.333,6,Endothelial
488.5,104.5,7,Endothelial
631.333,246.667,7,Endothelial
764.333,317.333,7,Endothelial
530.0,396.8,7,Endothelial
569.333,401.333,7,Endothelial
540.2,456.6,7,Endothelial
468.333,461.333,7,Endothelial
806.4,482.8,7,Endothelial
475.0,88.0,8,Endothelial
477.714,95.2857,8,Endothelial
476.0,97.0,8,Endothelial
477.0,100.0,8,Endothelial
528.5,172.5,8,Endothelial
530.5,174.5,8,Endothelial
498.333,179.333,8,Endothelial
500.333,187.667,8,Endothelial
390.333,195.333,8,Endothelial
514.667,201.333,8,Endothelial
609.333,215.667,8,Endothelial
503.8,217.4,8,Endothelial
634.2,225.8,8,Endothelial
622.333,228.333,8,Endothelial
635.167,231.5,8,Endothelial
681.5,261.0,8,Endothelial
506.667,261.333,8,Endothelial
503.2,263.2,8,Endothelial
506.25,268.667,8,Endothelial
186.4,281.8,8,Endothelial
501.4,322.4,8,Endothelial
616.5,328.5,8,Endothelial
141.333,335.333,8,Endothelial
619.333,342.667,8,Endothelial
569.667,347.667,8,Endothelial
567.4,350.4,8,Endothelial
333.75,353.75,8,Endothelial
572.5,356.0,8,Endothelial
565.0,358.0,8,Endothelial
569.333,360.333,8,Endothelial
594.5,364.0,8,Endothelial
188.5,366.0,8,Endothelial
661.667,370.667,8,Endothelial
196.5,379.5,8,Endothelial
553.667,381.667,8,Endothelial
553.5,385.333,8,Endothelial
552.0,388.0,8,Endothelial
466.222,391.667,8,Endothelial
550.5,393.5,8,Endothelial
549.0,395.75,8,Endothelial
587.667,397.667,8,Endothelial
674.286,399.571,8,Endothelial
351.5,401.5,8,Endothelial
548.5,402.5,8,Endothelial
545.0,402.5,8,Endothelial
643.333,405.333,8,Endothelial
213.667,404.333,8,Endothelial
590.0,405.0,8,Endothelial
549.273,412.0,8,Endothelial
473.333,411.333,8,Endothelial
548.667,416.667,8,Endothelial
431.5,418.5,8,Endothelial
545.5,418.5,8,Endothelial
590.429,419.143,8,Endothelial
543.5,421.0,8,Endothelial
546.667,420.667,8,Endothelial
568.333,421.667,8,Endothelial
592.333,423.667,8,Endothelial
577.6,424.8,8,Endothelial
596.0,427.0,8,Endothelial
583.333,428.0,8,Endothelial
437.0,431.0,8,Endothelial
659.333,431.667,8,Endothelial
676.5,432.5,8,Endothelial
246.667,433.667,8,Endothelial
570.333,434.833,8,Endothelial
638.0,436.167,8,Endothelial
566.0,437.0,8,Endothelial
568.2,439.0,8,Endothelial
495.1,442.1,8,Endothelial
564.111,444.222,8,Endothelial
568.636,446.455,8,Endothelial
632.0,447.0,8,Endothelial
565.071,452.286,8,Endothelial
491.5,452.5,8,Endothelial
444.6,455.4,8,Endothelial
490.4,460.2,8,Endothelial
446.0,462.5,8,Endothelial
506.0,466.0,8,Endothelial
440.0,468.0,8,Endothelial
633.5,471.5,8,Endothelial
418.667,472.667,8,Endothelial
479.375,479.75,8,Endothelial
183.2,507.8,8,Endothelial
260.667,78.6667,9,Endothelial
99.75,92.0,9,Endothelial
428.143,97.8571,9,Endothelial
564.667,111.333,9,Endothelial
553.5,116.5,9,Endothelial
555.5,118.5,9,Endothelial
440.056,128.889,9,Endothelial
447.0,126.0,9,Endothelial
522.667,136.667,9,Endothelial
568.333,138.667,9,Endothelial
534.667,152.333,9,Endothelial
498.6,156.8,9,Endothelial
449.0,158.8,9,Endothelial
550.0,160.0,9,Endothelial
232.545,169.909,9,Endothelial
226.333,179.333,9,Endothelial
459.0,203.75,9,Endothelial
475.0,209.167,9,Endothelial
466.9,212.95,9,Endothelial
475.5,213.5,9,Endothelial
482.083,215.25,9,Endothelial
465.8,219.4,9,Endothelial
472.4,224.0,9,Endothelial
570.333,225.667,9,Endothelial
468.25,227.75,9,Endothelial
493.667,226.667,9,Endothelial
372.5,243.0,9,Endothelial
138.333,246.667,9,Endothelial
593.0,256.0,9,Endothelial
473.214,278.0,9,Endothelial
621.333,277.667,9,Endothelial
135.0,293.0,9,Endothelial
170.833,294.833,9,Endothelial
182.5,294.5,9,Endothelial
173.333,297.333,9,Endothelial
158.333,299.333,9,Endothelial
177.5,307.5,9,Endothelial
634.5,345.0,9,Endothelial
605.667,350.333,9,Endothelial
804.2,353.6,9,Endothelial
619.667,356.667,9,Endothelial
153.333,357.333,9,Endothelial
559.5,357.6,9,Endothelial
216.5,360.0,9,Endothelial
554.5,361.0,9,Endothelial
551.5,361.5,9,Endothelial
649.5,361.5,9,Endothelial
549.5,367.0,9,Endothelial
566.333,367.667,9,Endothelial
547.5,369.5,9,Endothelial
580.8,372.2,9,Endothelial
702.0,371.5,9,Endothelial
542.5,372.5,9,Endothelial
100.167,375.0,9,Endothelial
713.333,377.333,9,Endothelial
451.333,388.667,9,Endothelial
575.667,389.667,9,Endothelial
247.5,394.5,9,Endothelial
205.5,395.5,9,Endothelial
324.0,400.5,9,Endothelial
327.143,400.571,9,Endothelial
446.667,399.667,9,Endothelial
567.0,402.167,9,Endothelial
333.0,407.5,9,Endothelial
438.667,409.667,9,Endothelial
541.0,413.0,9,Endothelial
559.0,413.0,9,Endothelial
188.5,414.5,9,Endothelial
554.0,415.0,9,Endothelial
444.333,417.667,9,Endothelial
579.0,418.5,9,Endothelial
607.333,419.667,9,Endothelial
510.444,426.444,9,Endothelial
229.0,426.833,9,Endothelial
208.5,428.0,9,Endothelial
330.2,428.6,9,Endothelial
328.667,434.667,9,Endothelial
328.5,440.5,9,Endothelial
338.333,441.667,9,Endothelial
458.5,443.5,9,Endothelial
556.333,444.333,9,Endothelial
329.667,445.333,9,Endothelial
631.333,449.667,9,Endothelial
579.833,456.0,9,Endothelial
430.667,457.333,9,Endothelial
426.8,459.6,9,Endothelial
411.5,459.5,9,Endothelial
430.667,461.667,9,Endothelial
401.5,462.5,9,Endothelial
428.647,467.824,9,Endothelial
588.75,465.0,9,Endothelial
413.571,465.714,9,Endothelial
480.333,468.667,9,Endothelial
464.176,473.353,9,Endothelial
630.333,471.333,9,Endothelial
649.333,473.333,9,Endothelial
459.846,477.077,9,Endothelial
483.5,477.5,9,Endothelial
441.0,481.0,9,Endothelial
461.0,482.0,9,Endothelial
503.5,481.5,9,Endothelial
465.0,484.5,9,Endothelial
441.625,486.875,9,Endothelial
438.333,486.667,9,Endothelial
461.25,487.25,9,Endothelial
464.0,488.0,9,Endothelial
802.333,487.667,9,Endothelial
801.333,490.667,9,Endothelial
422.0,494.5,9,Endothelial
445.333,493.667,9,Endothelial
433.182,496.091,9,Endothelial
448.0,499.0,9,Endothelial
799.6,500.8,9,Endothelial
430.9,503.0,9,Endothelial
450.643,504.643,9,Endothelial
693.273,504.636,9,Endothelial
461.0,506.5,9,Endothelial
204.667,508.667,9,Endothelial
801.333,519.667,9,Endothelial
309.333,78.3333,10,Endothelial
523.5,98.5,10,Endothelial
524.167,103.167,10,Endothelial
526.667,105.333,10,Endothelial
544.0,133.0,10,Endothelial
518.5,133.5,10,Endothelial
271.25,137.0,10,Endothelial
519.5,136.5,10,Endothelial
127.333,162.333,10,Endothelial
127.667,164.667,10,Endothelial
534.333,173.333,10,Endothelial
560.625,195.375,10,Endothelial
567.5,210.5,10,Endothelial
582.5,214.0,10,Endothelial
534.333,215.667,10,Endothelial
153.5,220.5,10,Endothelial
413.4,220.8,10,Endothelial
526.5,222.0,10,Endothelial
333.778,223.111,10,Endothelial
538.167,228.917,10,Endothelial
530.375,232.625,10,Endothelial
533.833,233.167,10,Endothelial
669.889,250.444,10,Endothelial
91.4,251.8,10,Endothelial
528.429,259.786,10,Endothelial
153.0,261.0,10,Endothelial
236.5,261.5,10,Endothelial
238.667,262.667,10,Endothelial
195.333,267.333,10,Endothelial
169.0,269.167,10,Endothelial
349.5,272.0,10,Endothelial
231.5,310.5,10,Endothelial
167.5,324.5,10,Endothelial
183.333,332.333,10,Endothelial
231.5,334.5,10,Endothelial
127.5,335.5,10,Endothelial
143.667,335.667,10,Endothelial
179.333,337.667,10,Endothelial
251.667,337.667,10,Endothelial
104.5,338.5,10,Endothelial
198.4,341.8,10,Endothelial
678.0,343.25,10,Endothelial
714.5,345.0,10,Endothelial
715.4,347.8,10,Endothelial
656.0,348.5,10,Endothelial
608.333,354.333,10,Endothelial
600.667,357.5,10,Endothelial
606.333,356.333,10,Endothelial
330.5,357.5,10,Endothelial
603.5,357.5,10,Endothelial
634.5,360.5,10,Endothelial
105.2,363.6,10,Endothelial
703.5,364.0,10,Endothelial
616.667,365.167,10,Endothelial
586.5,366.5,10,Endothelial
622.5,367.0,10,Endothelial
627.8,370.2,10,Endothelial
342.333,378.667,10,Endothelial
760.667,379.667,10,Endothelial
529.429,382.714,10,Endothelial
347.0,386.5,10,Endothelial
477.333,385.667,10,Endothelial
567.5,389.0,10,Endothelial
686.667,388.333,10,Endothelial
262.5,391.5,10,Endothelial
611.2,397.2,10,Endothelial
463.667,397.667,10,Endothelial
646.5,398.5,10,Endothelial
690.0,400.0,10,Endothelial
240.333,400.333,10,Endothelial
338.6,407.4,10,Endothelial
460.182,407.636,10,Endothelial
574.0,408.0,10,Endothelial
334.417,412.417,10,Endothelial
477.667,416.667,10,Endothelial
334.071,419.786,10,Endothelial
541.333,418.667,10,Endothelial
435.667,420.667,10,Endothelial
440.333,424.667,10,Endothelial
540.5,424.5,10,Endothelial
464.5,426.5,10,Endothelial
257.333,428.333,10,Endothelial
334.667,429.667,10,Endothelial
464.5,429.5,10,Endothelial
653.667,429.667,10,Endothelial
654.5,432.5,10,Endothelial
438.571,437.286,10,Endothelial
496.722,437.278,10,Endothelial
412.667,437.667,10,Endothelial
443.0,440.5,10,Endothelial
502.286,439.857,10,Endothelial
588.2,440.2,10,Endothelial
505.5,441.0,10,Endothelial
422.75,444.0,10,Endothelial
660.333,443.333,10,Endothelial
442.667,444.667,10,Endothelial
537.167,447.0,10,Endothelial
424.9,448.2,10,Endothelial
443.333,448.333,10,Endothelial
439.75,450.25,10,Endothelial
613.4,455.8,10,Endothelial
439.545,458.455,10,Endothelial
443.333,456.333,10,Endothelial
421.667,460.667,10,Endothelial
475.8,461.9,10,Endothelial
289.318,464.5,10,Endothelial
450.8,465.0,10,Endothelial
478.571,465.429,10,Endothelial
623.6,464.8,10,Endothelial
284.714,465.857,10,Endothelial
471.857,467.786,10,Endothelial
281.0,466.0,10,Endothelial
445.75,468.25,10,Endothelial
625.333,468.667,10,Endothelial
445.5,474.0,10,Endothelial
523.375,474.875,10,Endothelial
476.333,474.333,10,Endothelial
450.6,476.2,10,Endothelial
472.0,477.0,10,Endothelial
440.5,479.167,10,Endothelial
444.333,478.667,10,Endothelial
524.667,478.667,10,Endothelial
686.5,478.0,10,Endothelial
474.0,479.5,10,Endothelial
436.143,482.857,10,Endothelial
453.333,489.1,10,Endothelial
676.333,484.333,10,Endothelial
433.333,487.333,10,Endothelial
443.0,491.5,10,Endothelial
203.0,495.0,10,Endothelial
445.5,494.5,10,Endothelial
464.5,495.5,10,Endothelial
733.5,515.5,10,Endothelial
706.938,518.312,10,Endothelial
333.0,87.0,11,Endothelial
165.5,89.5,11,Endothelial
168.333,90.6667,11,Endothelial
171.5,92.0,11,Endothelial
361.0,101.5,11,Endothelial
195.857,108.571,11,Endothelial
550.579,125.421,11,Endothelial
548.143,130.286,11,Endothelial
544.222,135.667,11,Endothelial
547.667,137.333,11,Endothelial
547.0,139.5,11,Endothelial
551.333,143.667,11,Endothelial
555.0,143.25,11,Endothelial
570.4,179.7,11,Endothelial
167.0,191.5,11,Endothelial
587.5,198.5,11,Endothelial
108.333,210.333,11,Endothelial
592.875,211.375,11,Endothelial
619.333,227.667,11,Endothelial
205.667,241.333,11,Endothelial
589.667,243.167,11,Endothelial
599.25,247.75,11,Endothelial
209.0,249.75,11,Endothelial
601.4,250.2,11,Endothelial
610.0,252.0,11,Endothelial
601.444,254.667,11,Endothelial
588.0,259.0,11,Endothelial
589.5,263.5,11,Endothelial
595.8,265.8,11,Endothelial
601.667,265.667,11,Endothelial
736.143,285.571,11,Endothelial
716.6,286.4,11,Endothelial
204.778,287.222,11,Endothelial
211.5,287.5,11,Endothelial
601.5,292.5,11,Endothelial
248.5,298.5,11,Endothelial
223.667,301.333,11,Endothelial
252.0,301.0,11,Endothelial
256.0,305.5,11,Endothelial
745.5,309.5,11,Endothelial
782.0,327.0,11,Endothelial
127.0,342.0,11,Endothelial
218.333,350.667,11,Endothelial
231.5,362.0,11,Endothelial
729.077,375.615,11,Endothelial
750.0,376.25,11,Endothelial
797.0,378.5,11,Endothelial
697.5,384.5,11,Endothelial
696.333,386.667,11,Endothelial
721.667,389.333,11,Endothelial
680.5,390.5,11,Endothelial
741.5,396.5,11,Endothelial
449.0,400.8,11,Endothelial
455.8,407.2,11,Endothelial
459.5,406.5,11,Endothelial
450.333,409.333,11,Endothelial
463.0,413.0,11,Endothelial
315.333,414.667,11,Endothelial
557.0,418.714,11,Endothelial
568.0,420.0,11,Endothelial
713.5,420.5,11,Endothelial
274.714,423.286,11,Endothelial
745.5,424.5,11,Endothelial
659.286,429.0,11,Endothelial
558.0,429.5,11,Endothelial
663.5,429.0,11,Endothelial
668.5,431.3,11,Endothelial
542.333,436.667,11,Endothelial
295.333,438.667,11,Endothelial
543.5,439.5,11,Endothelial
641.0,439.0,11,Endothelial
522.2,440.6,11,Endothelial
544.667,442.333,11,Endothelial
744.667,443.333,11,Endothelial
517.8,446.2,11,Endothelial
563.375,447.25,11,Endothelial
541.75,448.0,11,Endothelial
574.0,452.0,11,Endothelial
522.5,453.5,11,Endothelial
543.8,459.9,11,Endothelial
529.667,460.333,11,Endothelial
682.667,464.667,11,Endothelial
641.0,467.667,11,Endothelial
668.333,468.333,11,Endothelial
545.0,472.0,11,Endothelial
588.0,473.5,11,Endothelial
739.333,473.667,11,Endothelial
541.333,475.667,11,Endothelial
757.5,478.5,11,Endothelial
129.667,479.333,11,Endothelial
587.5,479.5,11,Endothelial
573.85,483.2,11,Endothelial
636.188,483.875,11,Endothelial
546.143,485.929,11,Endothelial
552.25,484.0,11,Endothelial
551.3,489.3,11,Endothelial
575.833,488.0,11,Endothelial
571.1,490.7,11,Endothelial
778.5,490.0,11,Endothelial
574.75,493.25,11,Endothelial
633.0,492.714,11,Endothelial
262.667,493.333,11,Endothelial
544.0,494.8,11,Endothelial
572.688,497.312,11,Endothelial
553.0,497.0,11,Endothelial
155.5,501.0,11,Endothelial
552.0,502.0,11,Endothelial
545.667,503.333,11,Endothelial
544.5,506.0,11,Endothelial
539.125,507.75,11,Endothelial
553.0,510.75,11,Endothelial
546.333,512.667,11,Endothelial
567.0,517.5,11,Endothelial
403.667,96.3333,12,Endothelial
539.5,131.5,12,Endothelial
548.667,141.333,12,Endothelial
577.0,163.0,12,Endothelial
581.667,177.333,12,Endothelial
253.5,250.5,12,Endothelial
613.333,262.333,12,Endothelial
176.667,270.333,12,Endothelial
607.667,270.333,12,Endothelial
290.5,292.5,12,Endothelial
712.2,383.4,12,Endothelial
455.333,396.667,12,Endothelial
466.333,408.667,12,Endothelial
458.333,409.667,12,Endothelial
371.5,413.5,12,Endothelial
466.667,417.333,12,Endothelial
679.0,426.25,12,Endothelial
482.5,428.0,12,Endothelial
567.4,437.8,12,Endothelial
660.6,445.8,12,Endothelial
654.667,452.333,12,Endothelial
721.0,453.0,12,Endothelial
184.2,463.4,12,Endothelial
697.2,468.4,12,Endothelial
582.75,473.0,12,Endothelial
658.889,482.333,12,Endothelial
587.0,489.833,12,Endothelial
555.5,491.0,12,Endothelial
585.667,495.667,12,Endothelial
219.2,501.4,12,Endothelial
649.5,503.0,12,Endothelial
216.5,517.5,12,Endothelial
408.429,96.4286,13,Endothelial
215.833,103.667,13,Endothelial
541.25,117.25,13,Endothelial
548.0,127.833,13,Endothelial
551.444,134.556,13,Endothelial
584.333,160.667,13,Endothelial
587.5,165.5,13,Endothelial
589.6,174.4,13,Endothelial
351.333,181.667,13,Endothelial
209.6,187.6,13,Endothelial
209.5,195.0,13,Endothelial
601.286,197.0,13,Endothelial
605.5,203.0,13,Endothelial
161.5,205.5,13,Endothelial
610.333,208.333,13,Endothelial
625.667,225.333,13,Endothelial
639.667,230.333,13,Endothelial
618.667,244.333,13,Endothelial
254.667,254.333,13,Endothelial
626.667,254.333,13,Endothelial
240.0,259.0,13,Endothelial
136.333,260.667,13,Endothelial
617.2,262.4,13,Endothelial
625.0,261.0,13,Endothelial
507.375,267.625,13,Endothelial
762.2,284.2,13,Endothelial
303.667,305.667,13,Endothelial
776.667,310.667,13,Endothelial
189.286,353.143,13,Endothelial
314.5,361.5,13,Endothelial
784.5,364.5,13,Endothelial
769.75,371.25,13,Endothelial
772.0,382.8,13,Endothelial
461.0,391.0,13,Endothelial
279.667,396.556,13,Endothelial
458.2,401.8,13,Endothelial
376.333,412.333,13,Endothelial
707.429,418.571,13,Endothelial
711.2,419.8,13,Endothelial
358.667,421.667,13,Endothelial
481.5,421.5,13,Endothelial
489.333,423.667,13,Endothelial
692.0,423.25,13,Endothelial
343.5,424.5,13,Endothelial
482.6,424.8,13,Endothelial
586.2,426.4,13,Endothelial
494.667,427.333,13,Endothelial
352.667,428.333,13,Endothelial
544.2,430.0,13,Endothelial
497.667,430.333,13,Endothelial
732.667,430.333,13,Endothelial
738.0,431.545,13,Endothelial
743.333,431.333,13,Endothelial
748.9,436.3,13,Endothelial
503.0,435.5,13,Endothelial
590.667,439.667,13,Endothelial
551.667,440.333,13,Endothelial
218.5,442.5,13,Endothelial
553.0,445.5,13,Endothelial
663.0,445.556,13,Endothelial
508.333,445.667,13,Endothelial
513.667,445.333,13,Endothelial
731.0,449.167,13,Endothelial
516.5,449.8,13,Endothelial
366.5,451.5,13,Endothelial
554.0,452.5,13,Endothelial
559.0,452.0,13,Endothelial
667.5,454.0,13,Endothelial
724.846,456.615,13,Endothelial
452.75,458.75,13,Endothelial
558.0,462.0,13,Endothelial
592.0,463.5,13,Endothelial
554.0,465.0,13,Endothelial
706.0,465.75,13,Endothelial
583.8,469.933,13,Endothelial
553.2,474.8,13,Endothelial
559.0,474.5,13,Endothelial
755.833,480.667,13,Endothelial
616.5,483.0,13,Endothelial
570.5,484.5,13,Endothelial
320.667,486.667,13,Endothelial
594.0,488.091,13,Endothelial
730.0,488.2,13,Endothelial
212.667,490.778,13,Endothelial
561.0,490.0,13,Endothelial
598.167,491.75,13,Endothelial
593.889,493.778,13,Endothelial
217.5,493.5,13,Endothelial
804.375,496.875,13,Endothelial
218.636,497.909,13,Endothelial
598.5,497.0,13,Endothelial
659.318,503.227,13,Endothelial
596.333,500.667,13,Endothelial
598.5,502.714,13,Endothelial
570.333,506.667,13,Endothelial
782.0,507.0,13,Endothelial
572.5,509.5,13,Endothelial
660.5,515.5,13,Endothelial
219.667,518.333,13,Endothelial
491.0,105.5,14,Endothelial
481.5,107.5,14,Endothelial
574.0,109.0,14,Endothelial
564.333,124.333,14,Endothelial
485.571,132.286,14,Endothelial
222.333,150.333,14,Endothelial
220.5,152.5,14,Endothelial
156.333,160.667,14,Endothelial
365.0,165.5,14,Endothelial
173.0,166.5,14,Endothelial
689.333,193.667,14,Endothelial
158.5,203.5,14,Endothelial
147.667,206.667,14,Endothelial
151.333,210.333,14,Endothelial
273.0,226.0,14,Endothelial
269.0,230.25,14,Endothelial
136.667,231.667,14,Endothelial
264.5,234.5,14,Endothelial
333.25,239.25,14,Endothelial
334.2,254.4,14,Endothelial
149.5,261.0,14,Endothelial
148.222,265.556,14,Endothelial
197.667,267.333,14,Endothelial
513.75,276.0,14,Endothelial
638.8,284.6,14,Endothelial
127.333,301.333,14,Endothelial
268.667,318.333,14,Endothelial
792.0,320.833,14,Endothelial
200.8,323.6,14,Endothelial
278.667,324.333,14,Endothelial
286.5,355.5,14,Endothelial
450.333,359.667,14,Endothelial
254.5,371.5,14,Endothelial
263.333,373.667,14,Endothelial
738.5,379.0,14,Endothelial
359.667,381.667,14,Endothelial
708.8,387.2,14,Endothelial
594.0,401.0,14,Endothelial
351.333,408.333,14,Endothelial
446.0,416.5,14,Endothelial
524.667,416.333,14,Endothelial
522.8,418.6,14,Endothelial
532.667,426.333,14,Endothelial
437.5,430.5,14,Endothelial
436.75,437.125,14,Endothelial
762.857,439.5,14,Endothelial
656.0,439.5,14,Endothelial
503.0,439.25,14,Endothelial
564.5,439.5,14,Endothelial
714.0,441.0,14,Endothelial
752.6,441.2,14,Endothelial
541.667,442.667,14,Endothelial
539.667,444.667,14,Endothelial
749.0,444.833,14,Endothelial
684.333,447.333,14,Endothelial
575.5,453.5,14,Endothelial
539.5,455.5,14,Endothelial
192.667,456.333,14,Endothelial
561.333,456.333,14,Endothelial
573.286,456.714,14,Endothelial
199.667,461.667,14,Endothelial
311.0,475.5,14,Endothelial
713.0,475.5,14,Endothelial
575.6,492.8,14,Endothelial
207.333,493.667,14,Endothelial
544.0,498.5,14,Endothelial
573.625,501.125,14,Endothelial
577.208,510.5,14,Endothelial
570.833,509.833,14,Endothelial
572.75,514.0,14,Endothelial
575.667,515.667,14,Endothelial
468.5,136.5,17,Endothelial
771.0,299.0,17,Endothelial
573.0,504.0,17,Endothelial
360.333,88.3333,18,Endothelial
363.5,97.5,18,Endothelial
372.5,99.5,18,Endothelial
383.667,101.333,18,Endothelial
378.778,107.222,18,Endothelial
437.5,107.5,18,Endothelial
461.727,114.545,18,Endothelial
494.5,117.0,18,Endothelial
91.5,118.5,18,Endothelial
95.0,120.167,18,Endothelial
506.5,125.0,18,Endothelial
502.0,127.5,18,Endothelial
368.5,129.0,18,Endothelial
496.167,130.333,18,Endothelial
370.0,132.5,18,Endothelial
523.0,132.0,18,Endothelial
591.333,133.667,18,Endothelial
470.0,136.5,18,Endothelial
591.0,139.5,18,Endothelial
504.333,142.667,18,Endothelial
608.5,146.5,18,Endothelial
508.0,147.0,18,Endothelial
129.0,161.25,18,Endothelial
125.667,163.667,18,Endothelial
131.333,183.667,18,Endothelial
524.5,206.5,18,Endothelial
422.5,218.5,18,Endothelial
519.4,234.6,18,Endothelial
516.3,238.0,18,Endothelial
176.5,239.0,18,Endothelial
187.667,241.333,18,Endothelial
180.667,242.333,18,Endothelial
522.0,245.5,18,Endothelial
626.0,250.167,18,Endothelial
647.0,259.0,18,Endothelial
94.3333,260.333,18,Endothelial
407.833,264.167,18,Endothelial
533.333,267.667,18,Endothelial
411.0,270.5,18,Endothelial
111.917,274.333,18,Endothelial
98.3333,273.667,18,Endothelial
705.5,281.5,18,Endothelial
193.333,284.333,18,Endothelial
701.286,285.143,18,Endothelial
198.5,286.5,18,Endothelial
203.0,291.5,18,Endothelial
175.538,327.0,18,Endothelial
167.8,329.6,18,Endothelial
109.167,335.083,18,Endothelial
668.667,338.667,18,Endothelial
632.143,346.81,18,Endothelial
713.556,347.111,18,Endothelial
348.5,349.5,18,Endothelial
357.333,351.667,18,Endothelial
349.167,353.167,18,Endothelial
597.0,352.4,18,Endothelial
352.0,360.4,18,Endothelial
354.0,363.0,18,Endothelial
765.0,366.0,18,Endothelial
626.5,368.5,18,Endothelial
163.0,369.0,18,Endothelial
637.5,369.5,18,Endothelial
767.0,372.0,18,Endothelial
181.667,377.333,18,Endothelial
601.333,379.667,18,Endothelial
590.6,388.4,18,Endothelial
653.333,390.667,18,Endothelial
700.5,396.5,18,Endothelial
695.5,397.5,18,Endothelial
483.333,398.333,18,Endothelial
421.0,404.0,18,Endothelial
425.0,405.25,18,Endothelial
636.571,406.286,18,Endothelial
428.2,406.8,18,Endothelial
357.0,408.0,18,Endothelial
419.6,408.2,18,Endothelial
583.5,408.0,18,Endothelial
600.667,410.333,18,Endothelial
531.25,414.0,18,Endothelial
552.0,417.5,18,Endothelial
354.333,417.333,18,Endothelial
478.333,418.667,18,Endothelial
440.333,420.667,18,Endothelial
457.5,425.0,18,Endothelial
464.8,430.2,18,Endothelial
444.667,433.667,18,Endothelial
481.5,433.667,18,Endothelial
440.714,435.714,18,Endothelial
443.333,437.333,18,Endothelial
469.091,442.455,18,Endothelial
439.5,444.5,18,Endothelial
463.833,445.0,18,Endothelial
353.25,446.25,18,Endothelial
457.8,450.6,18,Endothelial
557.286,450.429,18,Endothelial
563.333,452.333,18,Endothelial
114.5,457.0,18,Endothelial
120.0,461.0,18,Endothelial
382.667,462.333,18,Endothelial
480.0,466.0,18,Endothelial
497.5,469.5,18,Endothelial
235.667,477.667,18,Endothelial
479.6,490.6,18,Endothelial
478.333,493.667,18,Endothelial
428.0,82.0,19,Endothelial
209.667,93.3333,19,Endothelial
266.333,93.6667,19,Endothelial
414.667,95.6667,19,Endothelial
264.667,104.667,19,Endothelial
558.2,111.0,19,Endothelial
492.0,113.8,19,Endothelial
647.0,116.75,19,Endothelial
566.375,122.125,19,Endothelial
574.5,125.0,19,Endothelial
581.333,129.333,19,Endothelial
571.5,132.0,19,Endothelial
477.333,141.333,19,Endothelial
479.667,142.667,19,Endothelial
641.2,145.0,19,Endothelial
167.5,148.0,19,Endothelial
624.875,158.375,19,Endothelial
587.5,159.5,19,Endothelial
226.75,164.25,19,Endothelial
356.5,175.5,19,Endothelial
352.714,177.143,19,Endothelial
171.0,185.0,19,Endothelial
168.5,188.5,19,Endothelial
613.6,211.2,19,Endothelial
645.2,214.0,19,Endothelial
631.333,221.333,19,Endothelial
145.667,246.667,19,Endothelial
621.0,247.0,19,Endothelial
181.6,269.8,19,Endothelial
757.667,282.167,19,Endothelial
510.0,285.0,19,Endothelial
511.6,288.8,19,Endothelial
643.5,288.5,19,Endothelial
772.667,307.333,19,Endothelial
280.333,320.667,19,Endothelial
290.333,321.333,19,Endothelial
302.667,324.167,19,Endothelial
272.5,326.0,19,Endothelial
275.667,327.667,19,Endothelial
259.333,331.333,19,Endothelial
217.5,340.5,19,Endothelial
276.333,352.667,19,Endothelial
277.333,360.667,19,Endothelial
774.25,368.25,19,Endothelial
777.0,370.0,19,Endothelial
449.0,373.5,19,Endothelial
747.667,379.333,19,Endothelial
285.0,383.0,19,Endothelial
754.5,382.5,19,Endothelial
701.333,407.667,19,Endothelial
324.667,408.333,19,Endothelial
588.5,423.5,19,Endothelial
587.0,427.2,19,Endothelial
354.5,427.5,19,Endothelial
349.667,428.333,19,Endothelial
512.0,429.0,19,Endothelial
520.333,431.333,19,Endothelial
461.0,437.5,19,Endothelial
636.786,437.429,19,Endothelial
523.5,439.5,19,Endothelial
218.2,443.8,19,Endothelial
653.667,448.333,19,Endothelial
535.667,449.333,19,Endothelial
533.333,450.667,19,Endothelial
533.5,453.5,19,Endothelial
553.5,453.5,19,Endothelial
575.6,454.4,19,Endothelial
487.667,455.333,19,Endothelial
538.5,460.0,19,Endothelial
560.5,461.0,19,Endothelial
532.0,466.5,19,Endothelial
559.0,475.5,19,Endothelial
467.5,478.5,19,Endothelial
545.75,480.125,19,Endothelial
548.333,481.667,19,Endothelial
521.75,484.0,19,Endothelial
481.0,484.0,19,Endothelial
320.5,487.5,19,Endothelial
523.0,487.0,19,Endothelial
515.0,491.0,19,Endothelial
517.0,493.0,19,Endothelial
478.5,495.5,19,Endothelial
327.667,505.667,19,Endothelial
568.917,515.167,19,Endothelial
445.667,88.6667,20,Endothelial
395.0,98.0,20,Endothelial
219.333,101.667,20,Endothelial
534.6,102.2,20,Endothelial
541.5,105.0,20,Endothelial
473.4,115.8,20,Endothelial
545.625,121.25,20,Endothelial
243.5,125.5,20,Endothelial
334.833,178.333,20,Endothelial
626.286,191.0,20,Endothelial
636.0,193.5,20,Endothelial
205.5,197.5,20,Endothelial
613.0,198.167,20,Endothelial
153.6,199.4,20,Endothelial
615.2,202.6,20,Endothelial
101.0,213.0,20,Endothelial
607.25,238.0,20,Endothelial
496.0,263.0,20,Endothelial
755.667,264.667,20,Endothelial
498.667,270.333,20,Endothelial
778.667,270.333,20,Endothelial
264.667,317.667,20,Endothelial
262.667,319.667,20,Endothelial
261.25,322.25,20,Endothelial
247.5,322.5,20,Endothelial
273.667,322.333,20,Endothelial
242.167,335.0,20,Endothelial
226.5,338.5,20,Endothelial
245.5,338.5,20,Endothelial
182.0,342.5,20,Endothelial
266.667,346.333,20,Endothelial
333.667,347.333,20,Endothelial
438.5,360.0,20,Endothelial
347.0,384.0,20,Endothelial
679.364,387.818,20,Endothelial
498.25,393.375,20,Endothelial
511.667,396.333,20,Endothelial
502.667,399.333,20,Endothelial
446.667,404.667,20,Endothelial
515.0,406.5,20,Endothelial
522.0,409.0,20,Endothelial
461.5,412.0,20,Endothelial
563.333,412.833,20,Endothelial
520.0,414.0,20,Endothelial
523.75,414.0,20,Endothelial
539.667,415.667,20,Endothelial
525.333,420.833,20,Endothelial
543.667,436.667,20,Endothelial
538.231,439.154,20,Endothelial
571.0,438.0,20,Endothelial
532.0,442.5,20,Endothelial
179.0,451.0,20,Endothelial
462.444,459.556,20,Endothelial
200.333,466.667,20,Endothelial
553.667,471.926,20,Endothelial
556.5,477.5,20,Endothelial
554.733,481.933,20,Endothelial
554.0,488.0,20,Endothelial
689.5,343.5,21,Endothelial
472.667,315.333,22,Endothelial
352.667,74.6667,23,Endothelial
281.5,81.5,23,Endothelial
360.667,84.3333,23,Endothelial
129.667,99.6667,23,Endothelial
445.5,102.5,23,Endothelial
448.0,104.0,23,Endothelial
452.5,106.875,23,Endothelial
456.667,109.833,23,Endothelial
459.333,111.333,23,Endothelial
455.4,113.2,23,Endothelial
368.0,121.0,23,Endothelial
461.5,127.5,23,Endothelial
364.8,130.2,23,Endothelial
460.667,133.167,23,Endothelial
231.5,163.5,23,Endothelial
230.667,168.333,23,Endothelial
513.5,174.5,23,Endothelial
526.667,206.333,23,Endothelial
617.0,206.5,23,Endothelial
516.0,213.0,23,Endothelial
523.0,219.2,23,Endothelial
521.667,221.333,23,Endothelial
507.5,226.5,23,Endothelial
502.5,228.0,23,Endothelial
200.6,230.2,23,Endothelial
157.5,232.5,23,Endothelial
134.5,241.0,23,Endothelial
507.667,241.333,23,Endothelial
631.667,271.667,23,Endothelial
395.167,278.0,23,Endothelial
728.0,295.0,23,Endothelial
158.5,295.5,23,Endothelial
669.5,307.5,23,Endothelial
183.571,314.571,23,Endothelial
152.5,319.5,23,Endothelial
193.5,320.5,23,Endothelial
144.4,328.8,23,Endothelial
109.333,332.333,23,Endothelial
145.5,355.5,23,Endothelial
664.2,374.4,23,Endothelial
656.5,375.5,23,Endothelial
333.5,384.5,23,Endothelial
724.5,385.0,23,Endothelial
331.667,390.333,23,Endothelial
598.5,390.5,23,Endothelial
188.333,396.667,23,Endothelial
332.0,410.0,23,Endothelial
585.2,417.8,23,Endothelial
480.667,420.333,23,Endothelial
236.0,424.25,23,Endothelial
231.5,425.5,23,Endothelial
238.333,425.333,23,Endothelial
390.25,428.0,23,Endothelial
590.5,430.0,23,Endothelial
325.333,431.333,23,Endothelial
589.5,432.5,23,Endothelial
352.667,438.333,23,Endothelial
401.75,442.0,23,Endothelial
351.333,445.333,23,Endothelial
404.667,445.667,23,Endothelial
407.5,447.833,23,Endothelial
543.833,454.667,23,Endothelial
413.5,460.5,23,Endothelial
410.333,468.667,23,Endothelial
442.0,471.5,23,Endothelial
416.333,485.667,23,Endothelial
422.783,488.304,23,Endothelial
459.333,486.667,23,Endothelial
351.5,503.5,23,Endothelial
448.2,518.2,23,Endothelial
451.667,519.333,23,Endothelial
96.3277,82.0405,1,P53
163.479,276.308,1,P53
183.728,350.384,1,P53
91.3846,421.308,1,P53
473.537,86.1019,2,P53
91.9804,78.9804,4,P53
260.722,74.9286,4,P53
242.688,175.433,4,P53
463.336,175.172,4,P53
272.783,215.535,4,P53
509.714,232.652,4,P53
556.197,241.559,4,P53
163.73,256.057,4,P53
569.111,264.34,4,P53
179.032,273.04,4,P53
182.824,330.418,4,P53
92.55,297.525,4,P53
513.471,325.725,4,P53
109.07,335.391,4,P53
150.42,333.546,4,P53
163.451,340.514,4,P53
132.425,343.208,4,P53
160.393,362.553,4,P53
586.731,358.414,4,P53
128.278,373.208,4,P53
584.027,388.271,4,P53
371.058,395.142,4,P53
480.851,397.119,4,P53
570.759,405.814,4,P53
180.549,409.868,4,P53
228.151,415.18,4,P53
451.126,421.744,4,P53
477.674,423.791,4,P53
236.972,431.0,4,P53
514.686,434.393,4,P53
646.077,455.55,4,P53
217.594,440.906,4,P53
241.777,446.926,4,P53
486.697,472.055,4,P53
585.319,478.167,4,P53
443.992,490.602,4,P53
423.671,503.374,4,P53
175.119,516.988,4,P53
211.091,517.273,4,P53
150.74,517.616,4,P53
229.357,519.5,4,P53
255.5,520.0,4,P53
123.979,190.085,6,P53
97.1377,82.082,9,P53
151.056,338.574,9,P53
154.781,394.741,9,P53
338.007,426.892,9,P53
412.027,440.765,9,P53
487.712,441.816,9,P53
558.446,445.719,9,P53
110.0,89.5,0,KI67
110.19,102.952,0,KI67
120.435,303.391,0,KI67
133.412,302.647,0,KI67
99.0,306.5,0,KI67
228.421,307.895,0,KI67
189.483,316.586,0,KI67
175.2,323.4,0,KI67
133.18,331.033,0,KI67
180.675,333.425,0,KI67
247.76,332.76,0,KI67
91.0,333.5,0,KI67
122.151,348.836,0,KI67
232.611,348.222,0,KI67
190.359,354.487,0,KI67
132.118,378.471,0,KI67
142.87,384.826,0,KI67
149.5,385.5,0,KI67
177.174,387.13,0,KI67
160.5,388.5,0,KI67
96.8889,77.9444,1,KI67
92.4348,84.6087,1,KI67
91.0,91.5,1,KI67
102.615,236.962,1,KI67
166.037,239.407,1,KI67
148.5,241.5,1,KI67
133.043,249.13,1,KI67
92.5,253.5,1,KI67
200.0,254.0,1,KI67
208.663,260.625,1,KI67
116.019,259.868,1,KI67
135.083,259.083,1,KI67
104.818,263.409,1,KI67
160.549,267.902,1,KI67
117.389,266.778,1,KI67
173.791,274.224,1,KI67
207.407,279.948,1,KI67
165.5,275.5,1,KI67
167.125,282.025,1,KI67
228.479,284.354,1,KI67
184.533,292.133,1,KI67
223.026,290.846,1,KI67
156.823,305.064,1,KI67
196.262,309.402,1,KI67
228.435,299.609,1,KI67
131.85,309.35,1,KI67
226.509,316.981,1,KI67
207.5,322.0,1,KI67
183.069,348.586,1,KI67
208.278,85.0,2,KI67
183.407,109.963,2,KI67
198.444,109.926,2,KI67
177.457,115.229,2,KI67
173.043,125.087,2,KI67
220.5,125.0,2,KI67
166.957,142.022,2,KI67
308.5,155.0,2,KI67
158.793,159.034,2,KI67
149.45,170.2,2,KI67
141.25,176.75,2,KI67
280.273,177.864,2,KI67
120.647,205.559,2,KI67
239.857,204.929,2,KI67
113.5,250.5,2,KI67
113.439,266.463,2,KI67
266.52,274.92,2,KI67
112.391,281.435,2,KI67
229.5,282.5,2,KI67
189.606,288.061,2,KI67
259.81,288.952,2,KI67
244.0,289.5,2,KI67
234.5,293.5,2,KI67
303.706,299.912,2,KI67
178.5,300.5,2,KI67
156.048,302.238,2,KI67
208.105,305.579,2,KI67
308.565,314.565,2,KI67
229.0,316.5,2,KI67
259.182,318.0,2,KI67
265.579,322.895,2,KI67
297.061,323.303,2,KI67
313.375,325.062,2,KI67
194.1,324.6,2,KI67
271.939,325.333,2,KI67
257.429,325.81,2,KI67
194.0,330.8,2,KI67
262.605,333.421,2,KI67
313.111,333.278,2,KI67
287.676,347.926,2,KI67
352.882,343.529,2,KI67
258.213,352.307,2,KI67
331.326,353.326,2,KI67
240.5,356.5,2,KI67
296.791,359.698,2,KI67
309.5,365.5,2,KI67
307.5,371.0,2,KI67
294.256,392.992,2,KI67
283.233,392.4,2,KI67
155.083,405.083,2,KI67
186.435,417.435,2,KI67
340.0,432.5,2,KI67
172.286,466.643,2,KI67
155.81,298.048,3,KI67
181.211,305.947,3,KI67
137.0,307.5,3,KI67
225.25,310.15,3,KI67
126.143,311.571,3,KI67
159.222,311.389,3,KI67
92.0,314.0,3,KI67
224.318,318.045,3,KI67
116.727,319.136,3,KI67
239.5,319.0,3,KI67
210.625,324.958,3,KI67
106.278,335.506,3,KI67
228.175,335.14,3,KI67
165.829,331.371,3,KI67
184.292,338.011,3,KI67
172.273,338.636,3,KI67
248.381,344.952,3,KI67
183.381,355.262,3,KI67
253.227,353.818,3,KI67
109.045,355.091,3,KI67
217.732,359.951,3,KI67
216.707,368.834,3,KI67
177.026,364.688,3,KI67
121.727,365.409,3,KI67
236.45,366.05,3,KI67
147.653,373.05,3,KI67
214.029,405.153,3,KI67
202.263,400.684,3,KI67
91.25,458.5,3,KI67
92.4118,468.294,3,KI67
104.222,493.389,3,KI67
110.429,504.612,3,KI67
166.093,307.023,4,KI67
128.431,307.392,4,KI67
112.895,314.132,4,KI67
209.0,315.5,4,KI67
105.917,317.917,4,KI67
221.692,323.654,4,KI67
94.7222,328.444,4,KI67
149.833,334.262,4,KI67
211.744,339.165,4,KI67
91.5,335.5,4,KI67
166.542,344.477,4,KI67
149.864,340.727,4,KI67
155.727,344.409,4,KI67
227.57,352.342,4,KI67
158.71,364.047,4,KI67
198.016,371.705,4,KI67
224.345,376.381,4,KI67
100.759,369.103,4,KI67
147.889,371.222,4,KI67
212.5,371.0,4,KI67
122.346,377.215,4,KI67
139.0,376.0,4,KI67
188.131,411.978,4,KI67
569.875,440.208,4,KI67
605.13,442.522,4,KI67
576.5,446.5,4,KI67
684.829,463.415,4,KI67
111.826,220.13,6,KI67
120.727,301.727,6,KI67
136.414,301.931,6,KI67
107.679,303.893,6,KI67
154.457,304.674,6,KI67
94.1053,307.553,6,KI67
202.0,319.5,6,KI67
206.5,323.5,6,KI67
154.95,334.45,6,KI67
147.8,341.629,6,KI67
162.0,341.5,6,KI67
139.77,354.336,6,KI67
172.5,350.0,6,KI67
227.062,350.938,6,KI67
185.654,359.692,6,KI67
214.5,361.5,6,KI67
203.357,365.143,6,KI67
91.2,367.8,6,KI67
216.627,369.627,6,KI67
171.613,387.413,6,KI67
697.174,384.87,6,KI67
196.331,394.753,6,KI67
152.593,390.926,6,KI67
162.0,391.5,6,KI67
171.541,400.946,6,KI67
186.83,402.298,6,KI67
677.704,437.778,6,KI67
135.579,83.1053,7,KI67
119.435,203.391,7,KI67
128.815,287.407,7,KI67
119.5,288.0,7,KI67
103.412,290.647,7,KI67
140.5,292.0,7,KI67
98.3889,292.778,7,KI67
124.5,293.0,7,KI67
185.96,298.64,7,KI67
144.324,327.845,7,KI67
126.969,341.379,7,KI67
206.036,331.464,7,KI67
207.333,345.222,7,KI67
181.701,350.463,7,KI67
93.8696,349.826,7,KI67
169.864,360.727,7,KI67
148.588,378.353,7,KI67
175.095,389.305,7,KI67
533.435,392.391,7,KI67
163.565,394.609,7,KI67
148.579,395.105,7,KI67
661.083,404.083,7,KI67
119.5,432.0,7,KI67
412.5,432.5,7,KI67
372.588,468.353,7,KI67
327.412,474.647,7,KI67
457.5,179.0,8,KI67
327.833,200.333,8,KI67
131.464,283.893,8,KI67
118.857,282.357,8,KI67
101.97,285.424,8,KI67
140.971,287.4,8,KI67
125.0,288.0,8,KI67
183.412,296.647,8,KI67
141.432,321.054,8,KI67
205.75,330.656,8,KI67
127.761,342.109,8,KI67
206.389,345.667,8,KI67
182.653,350.847,8,KI67
97.0,347.0,8,KI67
660.5,372.0,8,KI67
125.087,380.522,8,KI67
170.5,381.5,8,KI67
119.5,383.0,8,KI67
147.743,388.629,8,KI67
176.086,394.396,8,KI67
587.474,395.632,8,KI67
657.81,395.048,8,KI67
661.0,442.0,8,KI67
423.069,444.586,8,KI67
570.667,450.5,8,KI67
338.074,481.407,8,KI67
93.069,85.5862,9,KI67
124.0,309.0,9,KI67
100.755,311.528,9,KI67
136.434,314.224,9,KI67
148.444,315.889,9,KI67
192.024,324.512,9,KI67
208.523,342.068,9,KI67
145.841,343.5,9,KI67
138.917,345.917,9,KI67
154.5,347.5,9,KI67
135.75,353.083,9,KI67
205.326,361.196,9,KI67
92.3333,361.619,9,KI67
120.456,362.691,9,KI67
190.54,366.56,9,KI67
198.5,373.5,9,KI67
141.094,380.719,9,KI67
129.37,383.957,9,KI67
166.641,399.044,9,KI67
128.5,394.0,9,KI67
133.5,399.5,9,KI67
143.906,405.531,9,KI67
91.5,72.0,10,KI67
515.174,167.13,10,KI67
166.174,192.13,10,KI67
535.75,231.5,10,KI67
100.85,253.65,10,KI67
160.778,261.111,10,KI67
120.0,261.75,10,KI67
180.5,263.5,10,KI67
119.31,273.286,10,KI67
141.0,274.0,10,KI67
107.222,276.27,10,KI67
153.351,279.959,10,KI67
94.8269,280.212,10,KI67
169.094,283.156,10,KI67
715.105,282.579,10,KI67
194.857,285.571,10,KI67
210.647,294.412,10,KI67
145.273,307.136,10,KI67
228.041,313.309,10,KI67
158.307,309.8,10,KI67
146.95,317.017,10,KI67
173.263,318.237,10,KI67
95.3556,322.711,10,KI67
107.385,327.41,10,KI67
129.333,326.833,10,KI67
185.872,329.051,10,KI67
221.395,331.982,10,KI67
612.222,329.611,10,KI67
390.778,332.389,10,KI67
193.5,333.5,10,KI67
204.898,335.612,10,KI67
213.5,342.5,10,KI67
129.575,354.368,10,KI67
167.065,366.903,10,KI67
185.88,362.843,10,KI67
134.105,360.579,10,KI67
148.5,372.5,10,KI67
419.619,378.905,10,KI67
435.391,403.435,10,KI67
440.5,414.5,10,KI67
160.5,71.5,11,KI67
150.019,83.3113,11,KI67
165.0,88.5,11,KI67
131.36,96.5,11,KI67
168.0,96.5,11,KI67
121.955,106.212,11,KI67
98.5,122.5,11,KI67
109.5,125.0,11,KI67
102.571,127.571,11,KI67
93.5789,129.895,11,KI67
100.353,135.412,11,KI67
94.2778,145.222,11,KI67
95.1053,165.421,11,KI67
147.083,173.083,11,KI67
571.588,210.647,11,KI67
104.579,222.895,11,KI67
95.5,240.5,11,KI67
92.5,246.5,11,KI67
337.5,255.5,11,KI67
133.412,275.353,11,KI67
156.5,279.5,11,KI67
96.3153,290.784,11,KI67
225.5,296.0,11,KI67
166.152,300.391,11,KI67
154.5,300.5,11,KI67
179.0,300.5,11,KI67
133.714,321.849,11,KI67
195.5,304.5,11,KI67
202.056,307.222,11,KI67
212.062,308.188,11,KI67
220.643,310.857,11,KI67
250.5,311.5,11,KI67
257.375,318.675,11,KI67
271.256,331.667,11,KI67
201.5,334.5,11,KI67
212.42,338.681,11,KI67
226.293,342.483,11,KI67
278.5,343.0,11,KI67
196.324,345.162,11,KI67
92.5,345.5,11,KI67
159.722,347.778,11,KI67
265.357,348.143,11,KI67
179.588,348.647,11,KI67
171.895,349.579,11,KI67
238.0,352.5,11,KI67
266.303,358.382,11,KI67
196.069,367.586,11,KI67
231.165,387.012,11,KI67
184.935,378.694,11,KI67
239.444,378.074,11,KI67
198.87,388.174,11,KI67
209.0,387.5,11,KI67
208.5,392.9,11,KI67
288.5,398.5,11,KI67
92.5,402.0,11,KI67
98.9167,418.917,11,KI67
533.5,423.5,11,KI67
100.362,431.348,11,KI67
92.5,435.5,11,KI67
95.8,447.85,11,KI67
103.5,472.5,11,KI67
114.647,474.588,11,KI67
107.837,480.674,11,KI67
142.0,479.5,11,KI67
123.2,489.2,11,KI67
255.826,489.13,11,KI67
116.5,497.0,11,KI67
131.364,501.818,11,KI67
119.105,505.421,11,KI67
129.386,515.795,11,KI67
564.5,516.5,11,KI67
206.421,81.8947,13,KI67
204.0,89.5,13,KI67
183.353,102.059,13,KI67
169.5,112.5,13,KI67
158.75,127.5,13,KI67
469.647,130.588,13,KI67
155.5,133.5,13,KI67
143.596,150.596,13,KI67
138.5,161.5,13,KI67
132.292,164.958,13,KI67
128.682,179.545,13,KI67
121.517,191.5,13,KI67
220.0,199.5,13,KI67
129.679,202.0,13,KI67
119.5,225.5,13,KI67
110.095,249.381,13,KI67
135.0,249.5,13,KI67
587.0,259.5,13,KI67
107.0,271.5,13,KI67
185.5,280.5,13,KI67
459.5,281.0,13,KI67
119.46,293.556,13,KI67
136.5,297.0,13,KI67
121.727,300.409,13,KI67
205.611,302.778,13,KI67
226.649,303.176,13,KI67
237.5,306.5,13,KI67
180.37,309.087,13,KI67
187.5,308.0,13,KI67
249.173,309.038,13,KI67
267.115,311.077,13,KI67
170.864,318.282,13,KI67
297.647,312.588,13,KI67
277.353,313.412,13,KI67
304.781,314.062,13,KI67
310.3,320.0,13,KI67
321.722,328.889,13,KI67
189.935,340.393,13,KI67
277.344,339.562,13,KI67
283.742,340.29,13,KI67
240.5,342.5,13,KI67
234.5,344.5,13,KI67
320.963,351.222,13,KI67
216.083,358.917,13,KI67
249.727,365.136,13,KI67
236.304,367.239,13,KI67
231.667,375.033,13,KI67
262.222,379.389,13,KI67
272.636,380.061,13,KI67
237.5,380.5,13,KI67
281.083,383.083,13,KI67
144.161,400.0,13,KI67
322.0,403.0,13,KI67
155.8,428.84,13,KI67
480.591,449.182,13,KI67
173.5,466.5,13,KI67
539.3,491.0,13,KI67
218.273,517.864,13,KI67
204.425,78.5,16,KI67
207.5,87.5,16,KI67
395.455,92.7727,16,KI67
204.0,92.5,16,KI67
393.0,99.5,16,KI67
200.083,101.083,16,KI67
188.069,110.414,16,KI67
182.5,112.5,16,KI67
178.136,118.273,16,KI67
169.639,124.417,16,KI67
157.727,142.136,16,KI67
151.174,151.87,16,KI67
134.525,180.85,16,KI67
135.062,188.375,16,KI67
106.0,275.5,16,KI67
112.346,304.692,16,KI67
198.5,310.0,16,KI67
184.917,311.917,16,KI67
210.857,311.429,16,KI67
175.709,313.764,16,KI67
191.882,313.529,16,KI67
165.5,318.0,16,KI67
219.118,320.471,16,KI67
244.095,327.243,16,KI67
162.5,328.5,16,KI67
268.5,329.0,16,KI67
262.5,330.0,16,KI67
165.9,335.04,16,KI67
305.2,333.0,16,KI67
276.485,334.909,16,KI67
310.722,338.611,16,KI67
236.949,339.59,16,KI67
224.0,340.5,16,KI67
177.733,344.167,16,KI67
214.421,343.895,16,KI67
243.5,345.5,16,KI67
220.033,348.667,16,KI67
187.273,348.864,16,KI67
194.571,349.857,16,KI67
199.5,349.5,16,KI67
126.083,354.083,16,KI67
135.0,372.5,16,KI67
224.425,378.589,16,KI67
249.857,375.429,16,KI67
144.667,403.5,16,KI67
153.692,418.538,16,KI67
169.346,456.115,16,KI67
211.24,81.88,17,KI67
403.5,86.5,17,KI67
206.784,90.3243,17,KI67
184.5,103.5,17,KI67
174.8,109.3,17,KI67
161.636,126.182,17,KI67
152.0,139.714,17,KI67
138.0,163.5,17,KI67
140.1,170.0,17,KI67
167.5,192.5,17,KI67
126.143,198.429,17,KI67
119.561,228.22,17,KI67
113.31,237.862,17,KI67
107.947,245.211,17,KI67
636.5,281.5,17,KI67
166.541,295.135,17,KI67
175.407,293.815,17,KI67
216.095,295.619,17,KI67
240.76,313.077,17,KI67
162.299,310.134,17,KI67
269.115,313.962,17,KI67
276.778,319.389,17,KI67
176.23,324.365,17,KI67
306.5,321.0,17,KI67
223.5,323.5,17,KI67
300.404,325.936,17,KI67
213.5,326.0,17,KI67
309.053,326.789,17,KI67
185.5,328.0,17,KI67
241.895,327.421,17,KI67
196.638,330.017,17,KI67
119.0,331.1,17,KI67
129.146,345.293,17,KI67
279.5,349.5,17,KI67
218.529,355.882,17,KI67
132.5,358.5,17,KI67
228.962,364.692,17,KI67
138.048,379.81,17,KI67
351.0,384.5,17,KI67
146.818,392.227,17,KI67
347.529,409.882,17,KI67
683.5,421.5,17,KI67
158.0,425.2,17,KI67
161.625,432.75,17,KI67
168.105,449.579,17,KI67
325.5,479.0,17,KI67
407.748,80.6164,19,KI67
413.854,73.2195,19,KI67
204.667,82.7333,19,KI67
195.955,90.6818,19,KI67
187.5,111.0,19,KI67
171.611,112.278,19,KI67
163.25,126.75,19,KI67
156.13,133.826,19,KI67
151.828,148.483,19,KI67
354.1,183.05,19,KI67
135.192,191.308,19,KI67
133.667,208.667,19,KI67
183.95,270.55,19,KI67
170.588,294.647,19,KI67
190.421,296.105,19,KI67
164.143,300.929,19,KI67
219.9,305.1,19,KI67
234.423,320.231,19,KI67
173.565,327.391,19,KI67
185.027,329.838,19,KI67
193.05,332.95,19,KI67
210.9,332.85,19,KI67
200.568,334.757,19,KI67
126.03,342.121,19,KI67
142.5,340.5,19,KI67
754.389,342.222,19,KI67
198.611,344.778,19,KI67
314.882,353.471,19,KI67
238.917,366.083,19,KI67
137.963,371.778,19,KI67
319.414,404.069,19,KI67
168.667,460.167,19,KI67
180.2,478.84,19,KI67
323.227,494.909,19,KI67
191.588,507.647,19,KI67
200.714,73.3571,20,KI67
381.083,77.9167,20,KI67
203.5,79.0,20,KI67
391.469,87.5769,20,KI67
203.222,84.6111,20,KI67
199.061,93.3333,20,KI67
193.5,99.5,20,KI67
182.767,104.562,20,KI67
161.849,121.245,20,KI67
149.5,136.5,20,KI67
149.576,143.424,20,KI67
138.5,165.5,20,KI67
134.87,174.174,20,KI67
130.643,179.714,20,KI67
124.062,194.062,20,KI67
121.705,208.393,20,KI67
122.5,220.5,20,KI67
105.5,248.5,20,KI67
101.5,265.5,20,KI67
101.4,274.367,20,KI67
100.5,283.5,20,KI67
103.131,292.786,20,KI67
187.186,296.731,20,KI67
157.788,301.076,20,KI67
211.112,305.153,20,KI67
218.194,317.903,20,KI67
157.551,320.821,20,KI67
109.739,318.174,20,KI67
111.0,323.5,20,KI67
204.777,329.66,20,KI67
173.241,329.127,20,KI67
188.286,331.452,20,KI67
123.083,343.083,20,KI67
209.0,349.5,20,KI67
228.391,355.232,20,KI67
129.31,361.345,20,KI67
206.105,357.421,20,KI67
218.735,365.529,20,KI67
134.04,375.8,20,KI67
140.5,388.5,20,KI67
144.5,400.0,20,KI67
149.0,409.0,20,KI67
157.5,429.5,20,KI67
164.0,442.0,20,KI67
174.5,464.5,20,KI67
197.312,516.75,20,KI67
110.0,89.5,23,KI67
110.19,102.952,23,KI67
120.435,303.391,23,KI67
133.412,302.647,23,KI67
99.0,306.5,23,KI67
228.421,307.895,23,KI67
189.483,316.586,23,KI67
175.2,323.4,23,KI67
133.18,331.033,23,KI67
180.675,333.425,23,KI67
247.76,332.76,23,KI67
91.0,333.5,23,KI67
122.151,348.836,23,KI67
232.611,348.222,23,KI67
190.359,354.487,23,KI67
132.118,378.471,23,KI67
142.87,384.826,23,KI67
149.5,385.5,23,KI67
177.174,387.13,23,KI67
160.5,388.5,23,KI67
338.4,326.6,2,DDB2
251.353,79.4118,3,DDB2
598.722,280.389,3,DDB2
94.5549,300.723,3,DDB2
141.044,341.412,3,DDB2
182.032,303.714,3,DDB2
208.238,317.602,3,DDB2
173.023,307.023,3,DDB2
226.156,309.594,3,DDB2
237.99,317.444,3,DDB2
230.069,331.739,3,DDB2
154.617,322.95,3,DDB2
186.412,328.647,3,DDB2
241.611,333.722,3,DDB2
184.214,338.171,3,DDB2
115.75,336.85,3,DDB2
126.565,341.609,3,DDB2
248.381,344.952,3,DDB2
196.231,349.91,3,DDB2
253.388,356.735,3,DDB2
218.033,367.664,3,DDB2
143.053,361.368,3,DDB2
217.75,360.85,3,DDB2
154.13,364.174,3,DDB2
236.45,366.05,3,DDB2
250.27,371.587,3,DDB2
235.136,377.273,3,DDB2
213.015,402.6,3,DDB2
94.2727,466.413,3,DDB2
106.38,495.741,3,DDB2
121.681,517.75,3,DDB2
166.091,304.773,4,DDB2
115.5,312.0,4,DDB2
105.917,317.917,4,DDB2
218.864,318.727,4,DDB2
152.5,354.0,4,DDB2
131.87,377.826,4,DDB2
584.619,440.095,4,DDB2
727.0,477.0,4,DDB2
133.5,312.0,9,DDB2
175.5,403.0,9,DDB2
329.667,424.167,9,DDB2
92.2,73.2,10,DDB2
337.5,114.5,10,DDB2
177.174,125.13,10,DDB2
92.4,161.4,10,DDB2
534.353,174.588,10,DDB2
257.619,197.905,10,DDB2
163.5,221.0,10,DDB2
110.826,275.87,10,DDB2
146.917,275.917,10,DDB2
642.895,277.421,10,DDB2
94.1154,280.923,10,DDB2
159.164,281.4,10,DDB2
170.959,283.673,10,DDB2
107.826,283.87,10,DDB2
194.857,285.571,10,DDB2
415.083,287.083,10,DDB2
660.273,303.136,10,DDB2
227.5,310.0,10,DDB2
91.0,318.0,10,DDB2
139.5,324.0,10,DDB2
115.174,328.13,10,DDB2
362.083,332.083,10,DDB2
198.778,334.389,10,DDB2
139.619,346.905,10,DDB2
267.5,357.5,10,DDB2
214.571,390.429,10,DDB2
112.5,411.0,10,DDB2
206.353,412.588,10,DDB2
230.174,413.13,10,DDB2
384.083,448.083,10,DDB2
429.567,456.733,10,DDB2
410.409,465.273,10,DDB2
424.867,482.533,10,DDB2
437.0,490.5,10,DDB2
132.3,181.0,11,DDB2
129.3,232.0,11,DDB2
314.5,241.5,11,DDB2
687.5,267.5,11,DDB2
348.5,395.5,11,DDB2
520.895,395.579,11,DDB2
134.5,502.5,11,DDB2
365.5,388.0,18,DDB2
176.0,109.0,20,DDB2
155.5,133.5,20,DDB2
102.5,251.5,20,DDB2
133.905,378.381,20,DDB2
439.846,378.231,20,DDB2
193.0,501.5,20,DDB2
